id,name,PLZ
1,Aeugst am Albis,8914
2,Affoltern am Albis,8909
2,Affoltern am Albis,8910
3,Bonstetten,8906
4,Hausen am Albis,6340
4,Hausen am Albis,8135
4,Hausen am Albis,8915
4,Hausen am Albis,8925
5,Hedingen,8908
6,Kappel am Albis,8926
7,Knonau,8934
8,Maschwanden,8933
9,Mettmenstetten,8932
10,Obfelden,8912
11,Ottenbach,8913
12,Rifferswil,8911
13,Stallikon,8134
13,Stallikon,8143
14,Wettswil am Albis,8907
22,Benken (ZH),8463
23,Berg am Irchel,8415
24,Buch am Irchel,8414
25,Dachsen,8447
26,Dorf,8458
27,Feuerthalen,8245
27,Feuerthalen,8246
28,Flaach,8416
29,Flurlingen,8247
31,Henggart,8444
33,Kleinandelfingen,8451
33,Kleinandelfingen,8453
33,Kleinandelfingen,8461
34,Laufen-Uhwiesen,8212
34,Laufen-Uhwiesen,8248
35,Marthalen,8460
35,Marthalen,8464
37,Ossingen,8466
37,Ossingen,8475
38,Rheinau,8462
39,Thalheim an der Thur,8478
40,Trüllikon,8465
41,Truttikon,8467
43,Volken,8459
51,Bachenbülach,8180
51,Bachenbülach,8184
52,Bassersdorf,8303
53,Bülach,8192
54,Dietlikon,8305
54,Dietlikon,8600
55,Eglisau,8193
55,Eglisau,8197
56,Embrach,8424
57,Freienstein-Teufen,8427
57,Freienstein-Teufen,8428
59,Hochfelden,8182
60,Höri,8181
61,Hüntwangen,8194
62,Kloten,8302
62,Kloten,8309
63,Lufingen,8426
65,Oberembrach,8425
66,Opfikon,8052
66,Opfikon,8152
69,Wallisellen,8304
70,Wasterkingen,8195
70,Wasterkingen,8196
72,Winkel,8185
81,Bachs,8164
82,Boppelsen,8113
82,Boppelsen,8158
83,Buchs (ZH),8107
84,Dällikon,8108
85,Dänikon,8114
86,Dielsdorf,8157
87,Hüttikon,8115
88,Neerach,8162
88,Neerach,8173
88,Neerach,8174
89,Niederglatt,8155
89,Niederglatt,8172
90,Niederhasli,8156
91,Niederweningen,8166
92,Oberglatt,8154
93,Oberweningen,5462
93,Oberweningen,8165
94,Otelfingen,8112
96,Regensdorf,8105
96,Regensdorf,8106
97,Rümlang,8153
100,Stadel,8175
102,Weiach,8187
111,Bäretswil,8340
111,Bäretswil,8344
111,Bäretswil,8345
111,Bäretswil,8498
112,Bubikon,8608
112,Bubikon,8633
113,Dürnten,8630
113,Dürnten,8632
113,Dürnten,8635
113,Dürnten,8636
114,Fischenthal,8494
114,Fischenthal,8496
114,Fischenthal,8497
115,Gossau (ZH),8614
115,Gossau (ZH),8617
115,Gossau (ZH),8624
115,Gossau (ZH),8625
115,Gossau (ZH),8626
115,Gossau (ZH),8627
117,Hinwil,8342
119,Seegräben,8607
120,Wald (ZH),8637
121,Wetzikon (ZH),8620
121,Wetzikon (ZH),8623
131,Adliswil,8041
135,Kilchberg (ZH),8802
135,Kilchberg (ZH),8803
137,Oberrieden,8942
138,Richterswil,8805
138,Richterswil,8833
141,Thalwil,8136
141,Thalwil,8800
151,Erlenbach (ZH),8703
152,Herrliberg,8704
153,Hombrechtikon,8634
153,Hombrechtikon,8714
154,Küsnacht (ZH),8127
154,Küsnacht (ZH),8700
155,Männedorf,8618
155,Männedorf,8708
156,Meilen,8706
158,Stäfa,8712
158,Stäfa,8713
159,Uetikon am See,8707
160,Zumikon,8126
161,Zollikon,8125
161,Zollikon,8702
172,Fehraltorf,8308
172,Fehraltorf,8320
173,Hittnau,8335
176,Lindau,8310
176,Lindau,8312
176,Lindau,8315
176,Lindau,8317
177,Pfäffikon,8330
177,Pfäffikon,8331
178,Russikon,8322
178,Russikon,8332
180,Weisslingen,8484
180,Weisslingen,8486
181,Wila,8492
181,Wila,8493
182,Wildberg,8488
182,Wildberg,8489
191,Dübendorf,8044
191,Dübendorf,8051
191,Dübendorf,8603
192,Egg,8132
192,Egg,8133
193,Fällanden,8117
193,Fällanden,8118
193,Fällanden,8121
194,Greifensee,8606
195,Maur,8122
195,Maur,8123
195,Maur,8124
198,Uster,8605
198,Uster,8610
198,Uster,8615
198,Uster,8616
199,Volketswil,8307
199,Volketswil,8604
200,Wangen-Brüttisellen,8306
200,Wangen-Brüttisellen,8602
211,Altikon,8479
213,Brütten,8311
214,Dägerlen,8471
215,Dättlikon,8421
216,Dinhard,8474
218,Ellikon an der Thur,8548
219,Elsau,8352
220,Hagenbuch,8500
220,Hagenbuch,8523
221,Hettlingen,8442
223,Neftenbach,8412
223,Neftenbach,8413
224,Pfungen,8422
225,Rickenbach (ZH),8545
226,Schlatt (ZH),8354
226,Schlatt (ZH),8405
226,Schlatt (ZH),8418
227,Seuzach,8472
228,Turbenthal,8363
228,Turbenthal,8495
230,Winterthur,8400
230,Winterthur,8404
230,Winterthur,8406
230,Winterthur,8408
230,Winterthur,8409
230,Winterthur,8482
230,Winterthur,8542
231,Zell (ZH),8483
231,Zell (ZH),8487
241,Aesch (ZH),8904
242,Birmensdorf (ZH),8142
242,Birmensdorf (ZH),8903
243,Dietikon,8953
244,Geroldswil,8951
244,Geroldswil,8954
245,Oberengstringen,8102
246,Oetwil an der Limmat,8955
247,Schlieren,8902
247,Schlieren,8952
249,Unterengstringen,8103
251,Weiningen (ZH),8104
261,Zürich,8001
261,Zürich,8002
261,Zürich,8003
261,Zürich,8004
261,Zürich,8005
261,Zürich,8006
261,Zürich,8008
261,Zürich,8032
261,Zürich,8037
261,Zürich,8038
261,Zürich,8045
261,Zürich,8046
261,Zürich,8047
261,Zürich,8048
261,Zürich,8049
261,Zürich,8050
261,Zürich,8053
261,Zürich,8055
261,Zürich,8057
261,Zürich,8064
30,Andelfingen,8450
30,Andelfingen,8452
30,Andelfingen,8457
292,Stammheim,8468
292,Stammheim,8476
292,Stammheim,8477
292,Stammheim,8525
293,Wädenswil,8804
293,Wädenswil,8820
293,Wädenswil,8824
293,Wädenswil,8825
294,Elgg,8353
294,Elgg,8355
295,Horgen,8810
295,Horgen,8815
295,Horgen,8816
296,Illnau-Effretikon,8314
297,Bauma,8499
298,Wiesendangen,8543
298,Wiesendangen,8544
298,Wiesendangen,8546
301,Aarberg,3250
301,Aarberg,3267
301,Aarberg,3270
301,Aarberg,3273
302,Bargen (BE),3282
302,Bargen (BE),3283
303,Grossaffoltern,3257
303,Grossaffoltern,3262
304,Kallnach,3207
304,Kallnach,3226
305,Kappelen,3252
306,Lyss,2557
306,Lyss,3292
307,Meikirch,3042
307,Meikirch,3045
307,Meikirch,3046
309,Radelfingen,3036
309,Radelfingen,3271
310,Rapperswil (BE),3053
310,Rapperswil (BE),3251
310,Rapperswil (BE),3254
310,Rapperswil (BE),3255
310,Rapperswil (BE),3256
311,Schüpfen,3054
312,Seedorf (BE),3035
312,Seedorf (BE),3266
312,Seedorf (BE),3268
321,Aarwangen,4912
321,Aarwangen,4922
322,Auswil,4938
322,Auswil,4944
323,Bannwil,4913
324,Bleienbach,3368
325,Busswil bei Melchnau,4917
326,Gondiswil,4955
329,Langenthal,4900
329,Langenthal,4916
329,Langenthal,4924
331,Lotzwil,4932
332,Madiswil,4919
332,Madiswil,4934
332,Madiswil,4935
332,Madiswil,4936
333,Melchnau,6146
333,Melchnau,6147
335,Oeschenbach,4943
337,Roggwil (BE),4914
340,Rütschelen,4933
341,Schwarzhäusern,4911
344,Ursenbach,4937
344,Ursenbach,4942
345,Wynau,4923
351,Bern,3004
351,Bern,3005
351,Bern,3006
351,Bern,3007
351,Bern,3008
351,Bern,3010
351,Bern,3011
351,Bern,3012
351,Bern,3013
351,Bern,3014
351,Bern,3015
351,Bern,3018
351,Bern,3019
351,Bern,3020
351,Bern,3027
351,Bern,3032
351,Bern,3037
351,Bern,3048
351,Bern,3063
351,Bern,3072
351,Bern,3073
351,Bern,3084
351,Bern,3097
351,Bern,3172
352,Bolligen,3065
352,Bolligen,3066
352,Bolligen,3326
353,Bremgarten bei Bern,3047
354,Kirchlindach,3038
355,Köniz,3095
355,Köniz,3098
355,Köniz,3144
355,Köniz,3145
355,Köniz,3147
355,Köniz,3173
355,Köniz,3174
356,Muri bei Bern,3074
356,Muri bei Bern,3076
357,Oberbalm,3086
357,Oberbalm,3096
358,Stettlen,3067
359,Vechigen,3068
359,Vechigen,3513
360,Wohlen bei Bern,3033
360,Wohlen bei Bern,3034
360,Wohlen bei Bern,3043
360,Wohlen bei Bern,3044
360,Wohlen bei Bern,3049
361,Zollikofen,3052
371,Biel/Bienne,2502
371,Biel/Bienne,2503
371,Biel/Bienne,2504
371,Biel/Bienne,2505
371,Biel/Bienne,2532
372,Evilard,2533
381,Arch,3296
382,Büetigen,3263
383,Büren an der Aare,3294
385,Diessbach bei Büren,3264
386,Dotzigen,3293
387,Lengnau (BE),2543
388,Leuzigen,3297
390,Meinisberg,2554
391,Oberwil bei Büren,3298
392,Pieterlen,2542
393,Rüti bei Büren,3295
401,Aefligen,3426
402,Alchenstorf,3473
403,Bäriswil,3323
404,Burgdorf,3400
404,Burgdorf,3413
404,Burgdorf,3414
404,Burgdorf,3472
405,Ersigen,3422
405,Ersigen,3423
405,Ersigen,3424
405,Ersigen,3425
406,Hasle bei Burgdorf,3415
406,Hasle bei Burgdorf,3419
406,Hasle bei Burgdorf,3432
406,Hasle bei Burgdorf,3433
407,Heimiswil,3412
407,Heimiswil,3416
407,Heimiswil,3418
408,Hellsau,3429
409,Hindelbank,3324
409,Hindelbank,3325
409,Hindelbank,3421
411,Kernenried,3309
424,Wynigen,3464
424,Wynigen,3474
431,Corgémont,2534
431,Corgémont,2606
431,Corgémont,2608
431,Corgémont,2720
432,Cormoret,2610
432,Cormoret,2612
432,Cormoret,2613
433,Cortébert,2607
433,Cortébert,2723
435,La Ferrière,2333
438,Orvin,2535
441,Renan (BE),2616
442,Romont (BE),2536
442,Romont (BE),2538
442,Romont (BE),2603
443,Saint-Imier,2345
444,Sonceboz-Sombeval,2605
445,Sonvilier,2615
446,Tramelan,2722
449,Sauge,2537
450,Péry-La Heutte,2604
450,Péry-La Heutte,2732
450,Péry-La Heutte,2735
491,Brüttelen,3237
492,Erlach,3232
492,Erlach,3233
492,Erlach,3235
493,Finsterhennen,2577
494,Gals,2525
494,Gals,3238
495,Gampelen,3236
497,Lüscherz,2575
497,Lüscherz,2576
498,Müntschemier,3225
502,Vinelz,3234
533,Bätterkinden,3314
533,Bätterkinden,3315
533,Bätterkinden,4573
538,Fraubrunnen,3306
538,Fraubrunnen,3308
538,Fraubrunnen,3312
538,Fraubrunnen,3313
538,Fraubrunnen,3317
540,Jegenstorf,3303
540,Jegenstorf,3305
543,Mattstetten,3322
544,Moosseedorf,3302
552,Utzenstorf,3427
554,Wiler bei Utzenstorf,3428
556,Zielebach,4564
561,Adelboden,3715
561,Adelboden,3725
562,Aeschi bei Spiez,3702
562,Aeschi bei Spiez,3703
562,Aeschi bei Spiez,3704
562,Aeschi bei Spiez,3711
563,Frutigen,3713
563,Frutigen,3714
563,Frutigen,3716
563,Frutigen,3724
564,Kandergrund,3717
565,Kandersteg,3718
566,Krattigen,3705
567,Reichenbach im Kandertal,3722
567,Reichenbach im Kandertal,3723
571,Beatenberg,3800
571,Beatenberg,3803
572,Bönigen,3806
573,Brienz (BE),3855
574,Brienzwiler,3856
574,Brienzwiler,3860
575,Därligen,3706
575,Därligen,3707
576,Grindelwald,3816
576,Grindelwald,3818
576,Grindelwald,3823
577,Gsteigwiler,3812
577,Gsteigwiler,3814
578,Gündlischwand,3815
579,Habkern,3804
579,Habkern,6197
580,Hofstetten bei Brienz,3858
582,Iseltwald,3807
584,Lauterbrunnen,3801
584,Lauterbrunnen,3822
584,Lauterbrunnen,3824
584,Lauterbrunnen,3825
584,Lauterbrunnen,3826
588,Niederried bei Interlaken,3853
589,Oberried am Brienzersee,3854
590,Ringgenberg (BE),3805
590,Ringgenberg (BE),3852
591,Saxeten,3813
602,Arni (BE),3507
602,Arni (BE),3508
605,Bowil,3531
605,Bowil,3533
605,Bowil,3534
605,Bowil,3538
605,Bowil,3673
606,Brenzikofen,3671
607,Freimettigen,3510
608,Grosshöchstetten,3082
608,Grosshöchstetten,3506
611,Kiesen,3114
611,Kiesen,3629
612,Konolfingen,3503
613,Landiswil,3434
613,Landiswil,3512
614,Linden,3615
614,Linden,3672
615,Mirchel,3532
616,Münsingen,3083
616,Münsingen,3110
616,Münsingen,3111
617,Niederhünigen,3504
619,Oberdiessbach,3674
623,Rubigen,3112
623,Rubigen,3113
627,Worb,3075
627,Worb,3077
627,Worb,3078
662,Ferenbalm,3177
662,Ferenbalm,3205
662,Ferenbalm,3206
663,Frauenkappelen,3202
665,Gurbrü,3208
665,Gurbrü,3210
666,Kriechenwil,3179
668,Mühleberg,3203
668,Mühleberg,3204
669,Münchenwiler,1797
670,Neuenegg,3176
681,Belprahon,2744
687,Corcelles (BE),2747
690,Court,2738
691,Crémines,2746
691,Crémines,4716
692,Eschert,2743
694,Grandval,2745
696,Loveresse,2733
700,Moutier,2740
701,Perrefitte,2742
703,Reconvilier,2710
704,Roches (BE),2762
706,Saicourt,2712
706,Saicourt,2713
708,Schelten,2827
711,Sorvilier,2736
715,Rebévelier,2717
716,Petit-Val,2715
716,Petit-Val,2716
716,Petit-Val,2748
723,La Neuveville,2514
723,La Neuveville,2520
723,La Neuveville,2523
724,Nods,2518
726,Plateau de Diesse,2515
726,Plateau de Diesse,2516
726,Plateau de Diesse,2517
731,Aegerten,2558
732,Bellmund,2562
732,Bellmund,2563
732,Bellmund,2564
733,Brügg,2552
733,Brügg,2555
734,Bühl,3274
735,Epsach,3272
738,Jens,2565
740,Ligerz,2513
742,Mörigen,2572
743,Nidau,2560
746,Safnern,2553
747,Scheuren,2556
756,Twann-Tüscherz,2512
761,Därstetten,3763
761,Därstetten,3764
762,Diemtigen,3753
762,Diemtigen,3754
762,Diemtigen,3755
762,Diemtigen,3756
762,Diemtigen,3757
763,Erlenbach im Simmental,3758
763,Erlenbach im Simmental,3762
766,Oberwil im Simmental,3765
766,Oberwil im Simmental,3766
767,Reutigen,3647
768,Spiez,3645
768,Spiez,3646
768,Spiez,3700
769,Wimmis,3752
770,Stocken-Höfen,3631
770,Stocken-Höfen,3632
782,Guttannen,3864
783,Hasliberg,6083
783,Hasliberg,6084
783,Hasliberg,6085
783,Hasliberg,6086
784,Innertkirchen,3862
784,Innertkirchen,3863
785,Meiringen,3857
791,Boltigen,1657
791,Boltigen,3770
792,Lenk,3773
792,Lenk,3775
793,St. Stephan,3772
794,Zweisimmen,3771
794,Zweisimmen,3776
794,Zweisimmen,3777
841,Gsteig,3784
841,Gsteig,3785
842,Lauenen,3782
843,Saanen,3778
843,Saanen,3780
843,Saanen,3781
843,Saanen,3783
843,Saanen,3792
852,Guggisberg,1738
852,Guggisberg,3150
852,Guggisberg,3156
852,Guggisberg,3157
852,Guggisberg,3158
852,Guggisberg,3159
853,Rüschegg,3099
853,Rüschegg,3152
853,Rüschegg,3153
853,Rüschegg,3154
855,Schwarzenburg,3148
855,Schwarzenburg,3183
861,Belp,3115
861,Belp,3122
861,Belp,3123
861,Belp,3124
861,Belp,3125
863,Burgistein,3664
863,Burgistein,3665
867,Gurzelen,3663
869,Kaufdorf,3126
872,Kirchdorf (BE),3116
877,Niedermuhlern,3087
879,Riggisberg,3128
879,Riggisberg,3132
880,Rüeggisberg,3088
880,Rüeggisberg,3089
880,Rüeggisberg,3155
883,Seftigen,3662
885,Uttigen,3628
889,Thurnen,3127
901,Eggiwil,3536
901,Eggiwil,3537
901,Eggiwil,3550
901,Eggiwil,3618
902,Langnau im Emmental,3535
902,Langnau im Emmental,3543
902,Langnau im Emmental,3551
902,Langnau im Emmental,3552
902,Langnau im Emmental,3553
902,Langnau im Emmental,3555
903,Lauperswil,3436
903,Lauperswil,3438
905,Rüderswil,3437
905,Rüderswil,3439
905,Rüderswil,3453
908,Trub,3556
908,Trub,3557
921,Amsoldingen,3633
922,Blumenstein,3638
923,Buchholterberg,3614
924,Eriz,3616
924,Eriz,3619
925,Fahrni,3612
925,Fahrni,3617
927,Heiligenschwendi,3625
928,Heimberg,3613
928,Heimberg,3627
929,Hilterfingen,3600
929,Hilterfingen,3626
929,Hilterfingen,3652
931,Homberg,3622
932,Horrenbach-Buchen,3623
934,Oberhofen am Thunersee,3653
934,Oberhofen am Thunersee,3654
938,Sigriswil,3655
938,Sigriswil,3656
938,Sigriswil,3657
938,Sigriswil,3658
939,Steffisburg,3624
941,Thierachern,3634
941,Thierachern,3635
941,Thierachern,3636
942,Thun,3603
942,Thun,3604
942,Thun,3608
944,Uetendorf,3661
951,Affoltern im Emmental,3462
951,Affoltern im Emmental,3463
952,Dürrenroth,3465
953,Eriswil,4950
953,Eriswil,4952
954,Huttwil,4953
955,Lützelflüh,3435
955,Lützelflüh,3452
955,Lützelflüh,3454
955,Lützelflüh,3456
956,Rüegsau,3417
957,Sumiswald,3455
957,Sumiswald,3457
957,Sumiswald,4954
971,Attiswil,4536
972,Berken,3376
973,Bettenhausen,3366
975,Farnern,4539
977,Heimenhausen,3372
977,Heimenhausen,3373
979,Herzogenbuchsee,3360
979,Herzogenbuchsee,3363
980,Inkwil,3375
981,Niederbipp,4704
982,Niederönz,3362
982,Niederönz,4556
983,Oberbipp,4538
985,Ochlenberg,3367
985,Ochlenberg,3476
988,Seeberg,3365
988,Seeberg,3475
990,Walliswil bei Niederbipp,3380
991,Walliswil bei Wangen,3377
993,Wangenried,3374
995,Wiedlisbach,4537
1001,Doppleschwand,6110
1001,Doppleschwand,6112
1002,Entlebuch,6105
1002,Entlebuch,6162
1002,Entlebuch,6163
1002,Entlebuch,6166
1002,Entlebuch,6170
1004,Flühli,6173
1004,Flühli,6174
1004,Flühli,6192
1007,Romoos,6113
1007,Romoos,6167
1009,Werthenstein,6106
1010,Escholzmatt-Marbach,6182
1010,Escholzmatt-Marbach,6196
1021,Aesch (LU),6287
1023,Ballwil,6034
1023,Ballwil,6274
1023,Ballwil,6275
1024,Emmen,6020
1024,Emmen,6023
1024,Emmen,6032
1024,Emmen,6206
1025,Ermensee,6294
1026,Eschenbach (LU),6026
1030,Hitzkirch,6284
1030,Hitzkirch,6285
1030,Hitzkirch,6286
1030,Hitzkirch,6288
1030,Hitzkirch,6289
1030,Hitzkirch,6295
1031,Hochdorf,6280
1031,Hochdorf,6283
1032,Hohenrain,6276
1032,Hohenrain,6277
1033,Inwil,6038
1039,Römerswil,6027
1039,Römerswil,6028
1051,Adligenswil,6030
1051,Adligenswil,6043
1052,Buchrain,6033
1052,Buchrain,6035
1053,Dierikon,6036
1053,Dierikon,6037
1054,Ebikon,6004
1054,Ebikon,6006
1056,Greppen,6353
1056,Greppen,6404
1058,Horw,6005
1058,Horw,6047
1058,Horw,6048
1058,Horw,6052
1059,Kriens,6010
1059,Kriens,6012
1059,Kriens,6013
1061,Luzern,6003
1061,Luzern,6014
1061,Luzern,6015
1061,Luzern,6016
1061,Luzern,6365
1062,Malters,6019
1062,Malters,6102
1063,Meggen,6045
1064,Meierskappel,6344
1065,Root,6039
1065,Root,6044
1066,Schwarzenberg,6103
1068,Vitznau,6354
1068,Vitznau,6356
1081,Beromünster,6025
1081,Beromünster,6215
1081,Beromünster,6221
1081,Beromünster,6222
1082,Büron,6233
1083,Buttisholz,6018
1083,Buttisholz,6022
1084,Eich,6205
1084,Eich,6214
1085,Geuensee,6232
1088,Hildisrieden,6024
1089,Knutwil,6212
1089,Knutwil,6213
1091,Mauensee,6210
1091,Mauensee,6216
1091,Mauensee,6242
1093,Neuenkirch,6203
1093,Neuenkirch,6204
1093,Neuenkirch,6207
1095,Oberkirch,6208
1097,Rickenbach (LU),5735
1098,Ruswil,6017
1100,Schlierbach,6231
1104,Triengen,6234
1104,Triengen,6235
1104,Triengen,6236
1107,Wolhusen,6114
1107,Wolhusen,6122
1121,Alberswil,6248
1123,Altishofen,6144
1123,Altishofen,6244
1123,Altishofen,6245
1123,Altishofen,6246
1123,Altishofen,6247
1123,Altishofen,6263
1125,Dagmersellen,6211
1125,Dagmersellen,6252
1125,Dagmersellen,6253
1125,Dagmersellen,6260
1127,Egolzwil,6243
1128,Ettiswil,6217
1128,Ettiswil,6218
1129,Fischbach,6145
1129,Fischbach,6152
1129,Fischbach,6153
1132,Hergiswil bei Willisau,6125
1132,Hergiswil bei Willisau,6130
1132,Hergiswil bei Willisau,6132
1132,Hergiswil bei Willisau,6133
1132,Hergiswil bei Willisau,6156
1135,Luthern,6154
1136,Menznau,6123
1139,Pfaffnau,4915
1139,Pfaffnau,6264
1139,Pfaffnau,6265
1140,Reiden,6262
1143,Schötz,6143
1147,Wikon,4806
1151,Willisau,6126
1151,Willisau,6142
1201,Altdorf (UR),6460
1202,Andermatt,6490
1203,Attinghausen,6390
1203,Attinghausen,6468
1205,Bürglen (UR),6436
1205,Bürglen (UR),6463
1205,Bürglen (UR),6464
1205,Bürglen (UR),6469
1206,Erstfeld,6472
1207,Flüelen,6454
1208,Göschenen,6487
1209,Gurtnellen,6473
1209,Gurtnellen,6474
1209,Gurtnellen,6476
1209,Gurtnellen,6482
1210,Hospental,6493
1211,Isenthal,6461
1212,Realp,6491
1213,Schattdorf,6467
1214,Seedorf (UR),6462
1214,Seedorf (UR),6466
1215,Seelisberg,6377
1215,Seelisberg,6441
1216,Silenen,6475
1217,Sisikon,6452
1218,Spiringen,8751
1219,Unterschächen,6465
1220,Wassen,6484
1220,Wassen,6485
1301,Einsiedeln,8836
1301,Einsiedeln,8840
1301,Einsiedeln,8841
1301,Einsiedeln,8844
1301,Einsiedeln,8846
1301,Einsiedeln,8847
1311,Gersau,6410
1311,Gersau,6442
1321,Feusisberg,8832
1321,Feusisberg,8834
1321,Feusisberg,8835
1322,Freienbach,8640
1322,Freienbach,8806
1322,Freienbach,8807
1322,Freienbach,8808
1331,Küssnacht (SZ),6402
1331,Küssnacht (SZ),6403
1331,Küssnacht (SZ),6405
1341,Altendorf,8852
1342,Galgenen,8853
1342,Galgenen,8854
1343,Innerthal,8858
1345,Reichenburg,8864
1346,Schübelbach,8855
1346,Schübelbach,8862
1346,Schübelbach,8863
1347,Tuggen,8730
1347,Tuggen,8856
1348,Vorderthal,8857
1361,Alpthal,6430
1361,Alpthal,8843
1361,Alpthal,8849
1362,Arth,6318
1362,Arth,6414
1362,Arth,6415
1362,Arth,6416
1363,Illgau,6434
1364,Ingenbohl,6423
1364,Ingenbohl,6440
1365,Lauerz,6424
1366,Morschach,6433
1366,Morschach,6443
1367,Muotathal,8750
1368,Oberiberg,8842
1370,Rothenthurm,6418
1371,Sattel,6315
1371,Sattel,6417
1371,Sattel,6422
1372,Schwyz,6432
1372,Schwyz,6438
1375,Unteriberg,8845
1401,Alpnach,6053
1401,Alpnach,6055
1401,Alpnach,6064
1402,Engelberg,6388
1403,Giswil,6074
1404,Kerns,6066
1404,Kerns,6067
1404,Kerns,6068
1405,Lungern,6078
1406,Sachseln,6072
1406,Sachseln,6073
1407,Sarnen,6056
1407,Sarnen,6060
1407,Sarnen,6062
1407,Sarnen,6063
1501,Beckenried,6375
1501,Beckenried,6376
1502,Buochs,6374
1503,Dallenwil,6383
1505,Ennetbürgen,6363
1505,Ennetbürgen,6373
1506,Ennetmoos,6362
1506,Ennetmoos,6370
1506,Ennetmoos,6372
1508,Oberdorf (NW),6382
1511,Wolfenschiessen,6386
1511,Wolfenschiessen,6387
1630,Glarus Nord,8752
1630,Glarus Nord,8753
1630,Glarus Nord,8754
1630,Glarus Nord,8757
1630,Glarus Nord,8758
1630,Glarus Nord,8865
1630,Glarus Nord,8866
1630,Glarus Nord,8867
1630,Glarus Nord,8868
1630,Glarus Nord,8872
1630,Glarus Nord,8874
1631,Glarus Süd,8755
1631,Glarus Süd,8756
1631,Glarus Süd,8762
1631,Glarus Süd,8765
1631,Glarus Süd,8766
1631,Glarus Süd,8767
1631,Glarus Süd,8772
1631,Glarus Süd,8773
1631,Glarus Süd,8774
1631,Glarus Süd,8775
1631,Glarus Süd,8777
1631,Glarus Süd,8782
1631,Glarus Süd,8783
1631,Glarus Süd,8784
1701,Baar,6300
1701,Baar,6312
1701,Baar,6314
1701,Baar,6319
1701,Baar,6345
1702,Cham,6330
1702,Cham,6331
1702,Cham,6332
1703,Hünenberg,5642
1703,Hünenberg,6333
1704,Menzingen,6313
1707,Risch,6343
1711,Zug,6317
2008,Châtillon (FR),1473
2011,Cugy (FR),1482
2011,Cugy (FR),1483
2016,Fétigny,1532
2022,Gletterens,1544
2025,Lully (FR),1470
2027,Ménières,1533
2029,Montagny (FR),1562
2029,Montagny (FR),1774
2029,Montagny (FR),1775
2029,Montagny (FR),1776
2035,Nuvilly,1485
2038,Prévondavaux,1410
2041,Saint-Aubin (FR),1566
2043,Sévaz,1541
2044,Surpierre,1525
2044,Surpierre,1527
2044,Surpierre,1528
2044,Surpierre,1529
2044,Surpierre,1534
2045,Vallon,1565
2050,Les Montets,1484
2051,Delley-Portalban,1567
2051,Delley-Portalban,1568
2053,Belmont-Broye,1563
2053,Belmont-Broye,1564
2053,Belmont-Broye,1580
2053,Belmont-Broye,1772
2053,Belmont-Broye,1773
2054,Estavayer,1475
2054,Estavayer,1486
2054,Estavayer,1489
2054,Estavayer,1542
2055,Cheyres-Châbles,1468
2055,Cheyres-Châbles,1474
2061,Auboranges,1673
2063,Billens-Hennens,1681
2066,Chapelle (Glâne),1608
2067,Le Châtelard,1689
2068,Châtonnaye,1553
2072,Ecublens (FR),1085
2079,Grangettes,1686
2086,Massonnens,1692
2087,Mézières (FR),1680
2087,Mézières (FR),1684
2089,Montet (Glâne),1674
2097,Rue,1675
2099,Siviriez,1676
2099,Siviriez,1677
2099,Siviriez,1678
2099,Siviriez,1679
2102,Ursy,1670
2113,Vuisternens-devant-Romont,1685
2113,Vuisternens-devant-Romont,1687
2113,Vuisternens-devant-Romont,1688
2113,Vuisternens-devant-Romont,1697
2114,Villorsonnens,1690
2114,Villorsonnens,1694
2115,Torny,1748
2115,Torny,1749
2117,Villaz,1691
2121,Haut-Intyamon,1669
2122,Pont-en-Ogoz,1643
2122,Pont-en-Ogoz,1644
2122,Pont-en-Ogoz,1645
2123,Botterens,1652
2124,Broc,1636
2124,Broc,1653
2125,Bulle,1630
2125,Bulle,1635
2125,Bulle,1661
2129,Corbières,1646
2129,Corbières,1647
2129,Corbières,1651
2131,Echarlens,1628
2134,Grandvillard,1666
2135,Gruyères,1663
2137,Hauteville,1634
2137,Hauteville,1648
2138,Jaun,1637
2138,Jaun,1656
2138,Jaun,1716
2140,Marsens,1633
2143,Morlon,1638
2147,Pont-la-Ville,1649
2148,Riaz,1632
2149,La Roche,1733
2152,Sâles,1625
2152,Sâles,1626
2152,Sâles,1627
2153,Sorens,1642
2162,Bas-Intyamon,1665
2162,Bas-Intyamon,1667
2163,Val-de-Charmey,1654
2173,Autigny,1742
2173,Autigny,1745
2174,Avry,1754
2175,Belfaux,1720
2175,Belfaux,1782
2177,Chénens,1744
2183,Corminboeuf,1753
2186,Cottens (FR),1741
2194,Ferpicloz,1724
2196,Fribourg,1700
2196,Fribourg,1722
2197,Givisiez,1762
2198,Granges-Paccot,1763
2206,Marly,1723
2206,Marly,1725
2211,Neyruz (FR),1740
2220,Le Mouret,1734
2228,Villars-sur-Glâne,1752
2233,Hauterive (FR),1730
2234,La Brillaz,1756
2236,Gibloux,1695
2236,Gibloux,1696
2236,Gibloux,1726
2236,Gibloux,1727
2236,Gibloux,1728
2237,Prez,1746
2237,Prez,1747
2237,Prez,1757
2238,Bois-d'Amont,1731
2238,Bois-d'Amont,1732
2250,Courgevaux,1796
2250,Courgevaux,3280
2254,Courtepin,1583
2254,Courtepin,1783
2254,Courtepin,1784
2254,Courtepin,1791
2254,Courtepin,1795
2254,Courtepin,3212
2257,Cressier (FR),1785
2258,Fräschels,3284
2262,Gurmels,1792
2262,Gurmels,3213
2272,Misery-Courtion,1721
2274,Muntelier,3286
2275,Murten,1595
2275,Murten,1793
2275,Murten,1794
2275,Murten,3215
2275,Murten,3285
2276,Ried bei Kerzers,3216
2278,Ulmiz,3214
2284,Mont-Vully,1786
2284,Mont-Vully,1787
2284,Mont-Vully,1788
2284,Mont-Vully,1789
2292,Brünisried,1719
2293,Düdingen,3186
2294,Giffers,1735
2295,Bösingen,3178
2295,Bösingen,3184
2295,Bösingen,3185
2296,Heitenried,1714
2300,Plasselb,1737
2301,Rechthalten,1718
2303,St. Silvester,1736
2304,St. Ursen,1715
2304,St. Ursen,1717
2305,Schmitten (FR),1712
2305,Schmitten (FR),1713
2305,Schmitten (FR),3182
2309,Wünnewil-Flamatt,3175
2321,Attalens,1616
2321,Attalens,1617
2321,Attalens,1808
2323,Bossonnens,1615
2325,Châtel-Saint-Denis,1618
2325,Châtel-Saint-Denis,1619
2328,Granges (Veveyse),1614
2335,Saint-Martin (FR),1609
2336,Semsales,1623
2337,Le Flon,1699
2338,La Verrerie,1611
2338,La Verrerie,1624
2401,Egerkingen,4622
2402,Härkingen,4624
2403,Kestenholz,4703
2404,Neuendorf,4623
2405,Niederbuchsiten,4626
2406,Oberbuchsiten,4625
2406,Oberbuchsiten,4718
2407,Oensingen,4702
2407,Oensingen,4710
2408,Wolfwil,4628
2421,Aedermannsdorf,4714
2421,Aedermannsdorf,4717
2421,Aedermannsdorf,4719
2424,Herbetswil,4715
2425,Holderbank (SO),4438
2426,Laupersdorf,4712
2427,Matzendorf,4713
2428,Mümliswil-Ramiswil,4229
2428,Mümliswil-Ramiswil,4418
2445,Biezwil,4585
2455,Lüterkofen-Ichertswil,4571
2456,Lüterswil-Gächliwil,4584
2457,Messen,3307
2457,Messen,4588
2461,Schnottwil,3253
2464,Lüsslingen-Nennigkofen,4574
2465,Buchegg,4576
2465,Buchegg,4577
2465,Buchegg,4578
2465,Buchegg,4579
2465,Buchegg,4581
2465,Buchegg,4582
2465,Buchegg,4583
2465,Buchegg,4586
2465,Buchegg,4587
2471,Bättwil,4105
2471,Bättwil,4112
2472,Büren (SO),4413
2473,Dornach,4143
2474,Gempen,4145
2475,Hochwald,4146
2476,Hofstetten-Flüh,4114
2476,Hofstetten-Flüh,4115
2477,Metzerlen-Mariastein,4116
2478,Nuglar-St. Pantaleon,4412
2478,Nuglar-St. Pantaleon,4421
2479,Rodersdorf,4118
2480,Seewen,4204
2480,Seewen,4206
2481,Witterswil,4108
2491,Hauenstein-Ifenthal,4633
2492,Kienberg,4468
2493,Lostorf,4634
2493,Lostorf,4654
2495,Niedergösgen,4658
2495,Niedergösgen,5013
2495,Niedergösgen,5014
2497,Obergösgen,4652
2497,Obergösgen,4653
2499,Stüsslingen,4655
2500,Trimbach,4600
2500,Trimbach,4632
2503,Erlinsbach (SO),5015
2503,Erlinsbach (SO),5017
2513,Biberist,4500
2513,Biberist,4528
2513,Biberist,4562
2516,Deitingen,4542
2516,Deitingen,4543
2517,Derendingen,4552
2518,Etziken,4554
2519,Gerlafingen,4563
2520,Halten,4566
2523,Horriwil,4557
2530,Recherswil,4565
2532,Subingen,4553
2535,Drei Höfe,4558
2541,Balm bei Günsberg,4524
2541,Balm bei Günsberg,4525
2542,Bellach,4512
2543,Bettlach,2544
2544,Feldbrunnen-St. Niklaus,4532
2545,Flumenthal,4534
2546,Grenchen,2540
2548,Hubersdorf,4535
2550,Langendorf,4513
2550,Langendorf,4522
2551,Lommiswil,4514
2553,Oberdorf (SO),4515
2554,Riedholz,4523
2554,Riedholz,4533
2556,Selzach,2545
2571,Boningen,4618
2571,Boningen,4663
2573,Dulliken,4657
2573,Dulliken,5746
2574,Eppenberg-Wöschnau,5012
2575,Fulenbach,4629
2578,Gunzgen,4614
2578,Gunzgen,4616
2578,Gunzgen,4617
2579,Hägendorf,4615
2581,Olten,4612
2582,Rickenbach (SO),4613
2584,Starrkirch-Wil,4656
2611,Bärschwil,4252
2611,Bärschwil,4253
2613,Breitenbach,4226
2613,Breitenbach,4232
2614,Büsserach,4227
2615,Erschwil,4228
2615,Erschwil,4233
2617,Grindel,4247
2619,Kleinlützel,2814
2619,Kleinlützel,4245
2621,Nunningen,4208
2622,Zullwil,4234
2701,Basel,4001
2701,Basel,4031
2701,Basel,4051
2701,Basel,4052
2701,Basel,4053
2701,Basel,4054
2701,Basel,4055
2701,Basel,4056
2701,Basel,4057
2701,Basel,4058
2701,Basel,4059
2702,Bettingen,4126
2703,Riehen,4125
2761,Aesch (BL),4147
2761,Aesch (BL),4153
2762,Allschwil,4123
2763,Arlesheim,4144
2765,Binningen,4101
2765,Binningen,4102
2766,Birsfelden,4127
2767,Bottmingen,4103
2768,Ettingen,4107
2769,Münchenstein,4142
2770,Muttenz,4132
2770,Muttenz,4133
2771,Oberwil (BL),4104
2772,Pfeffingen,4148
2774,Schönenbuch,4124
2775,Therwil,4106
2781,Blauen,4223
2782,Brislach,4225
2782,Brislach,4242
2783,Burg im Leimental,4117
2784,Dittingen,4243
2785,Duggingen,4202
2786,Grellingen,4203
2787,Laufen,4246
2788,Liesberg,4254
2789,Nenzlingen,4224
2791,Röschenz,4244
2793,Zwingen,4222
2821,Arisdorf,4305
2821,Arisdorf,4422
2822,Augst,4302
2822,Augst,4303
2823,Bubendorf,4410
2823,Bubendorf,4416
2824,Frenkendorf,4402
2825,Füllinsdorf,4414
2826,Giebenach,4304
2827,Hersberg,4423
2828,Lausen,4415
2830,Lupsingen,4419
2832,Ramlinsburg,4433
2833,Seltisberg,4411
2834,Ziefen,4417
2841,Anwil,4469
2842,Böckten,4450
2842,Böckten,4461
2843,Buckten,4444
2843,Buckten,4445
2843,Buckten,4446
2843,Buckten,4447
2844,Buus,4462
2844,Buus,4463
2845,Diepflingen,4442
2846,Gelterkinden,4460
2847,Häfelfingen,4448
2848,Hemmiken,4316
2848,Hemmiken,4465
2848,Hemmiken,4466
2849,Itingen,4452
2851,Kilchberg (BL),4493
2851,Kilchberg (BL),4496
2852,Läufelfingen,4458
2853,Maisprach,4451
2853,Maisprach,4464
2854,Nusshof,4453
2855,Oltingen,4494
2858,Rothenfluh,4467
2860,Rünenberg,4497
2862,Tecknau,4492
2863,Tenniken,4443
2863,Tenniken,4456
2864,Thürnen,4441
2865,Wenslingen,4495
2869,Zunzgen,4455
2881,Arboldswil,4424
2881,Arboldswil,4425
2882,Bennwil,4431
2882,Bennwil,4434
2882,Bennwil,4457
2883,Bretzwil,4207
2887,Lampenberg,4432
2889,Lauwil,4426
2890,Liedertswil,4436
2891,Niederdorf,4435
2895,Waldenburg,4437
2901,Gächlingen,8214
2901,Gächlingen,8225
2901,Gächlingen,8226
2903,Löhningen,8223
2903,Löhningen,8224
2904,Neunkirch,8213
2904,Neunkirch,8217
2914,Büttenhardt,8200
2914,Büttenhardt,8236
2915,Dörflingen,8239
2917,Lohn (SH),8235
2919,Stetten (SH),8234
2920,Thayngen,8240
2920,Thayngen,8241
2920,Thayngen,8242
2920,Thayngen,8243
2931,Bargen (SH),8233
2932,Beringen,8222
2933,Buchberg,8454
2933,Buchberg,8455
2936,Merishausen,8232
2939,Schaffhausen,8203
2939,Schaffhausen,8207
2939,Schaffhausen,8208
2939,Schaffhausen,8231
2951,Beggingen,8228
2961,Buch (SH),8263
2962,Hemishofen,8261
2963,Ramsen,8262
2964,Stein am Rhein,8260
2971,Hallau,8215
2972,Oberhallau,8216
2973,Trasadingen,8219
2974,Wilchingen,8218
3001,Herisau,9100
3001,Herisau,9112
3001,Herisau,9200
3002,Hundwil,9063
3002,Hundwil,9064
3002,Hundwil,9107
3002,Hundwil,9108
3003,Schönengrund,9105
3004,Schwellbrunn,9103
3004,Schwellbrunn,9104
3004,Schwellbrunn,9113
3005,Stein (AR),9014
3021,Bühler,9043
3021,Bühler,9055
3022,Gais,9056
3022,Gais,9450
3023,Speicher,9037
3023,Speicher,9042
3024,Teufen (AR),9012
3024,Teufen (AR),9052
3024,Teufen (AR),9053
3024,Teufen (AR),9062
3031,Grub (AR),9035
3031,Grub (AR),9038
3032,Heiden,9036
3032,Heiden,9410
3032,Heiden,9413
3032,Heiden,9427
3033,Lutzenberg,9405
3033,Lutzenberg,9426
3034,Rehetobel,9034
3035,Reute (AR),9411
3035,Reute (AR),9437
3036,Wald (AR),9044
3037,Walzenhausen,9428
3038,Wolfhalden,9425
3101,Appenzell,9050
3104,Schlatt-Haslen,9054
3111,Oberegg,9442
3201,Häggenschwil,9308
3201,Häggenschwil,9312
3201,Häggenschwil,9315
3202,Muolen,8580
3202,Muolen,9220
3202,Muolen,9313
3203,St. Gallen,9000
3203,St. Gallen,9008
3203,St. Gallen,9010
3203,St. Gallen,9011
3203,St. Gallen,9015
3203,St. Gallen,9016
3203,St. Gallen,9030
3203,St. Gallen,9300
3211,Berg (SG),9305
3211,Berg (SG),9306
3213,Goldach,9400
3213,Goldach,9403
3214,Mörschwil,9327
3214,Mörschwil,9402
3216,Rorschacherberg,9404
3216,Rorschacherberg,9422
3217,Steinach,9323
3218,Tübach,9326
3219,Untereggen,9033
3231,Au (SG),9434
3231,Au (SG),9435
3232,Balgach,9436
3232,Balgach,9445
3234,Diepoldsau,9443
3234,Diepoldsau,9444
3235,Rheineck,9424
3236,St. Margrethen,9430
3237,Thal,9423
3251,Altstätten,9452
3251,Altstätten,9453
3251,Altstätten,9463
3251,Altstätten,9464
3254,Oberriet (SG),9451
3254,Oberriet (SG),9462
3271,Buchs (SG),9469
3271,Buchs (SG),9470
3272,Gams,9473
3272,Gams,9658
3273,Grabs,9472
3274,Sennwald,9465
3274,Sennwald,9466
3274,Sennwald,9468
3275,Sevelen,9475
3275,Sevelen,9476
3276,Wartau,7320
3276,Wartau,9477
3276,Wartau,9478
3276,Wartau,9479
3291,Bad Ragaz,7310
3291,Bad Ragaz,7317
3292,Flums,8888
3292,Flums,8890
3292,Flums,8893
3292,Flums,8894
3292,Flums,8895
3292,Flums,8896
3292,Flums,8897
3292,Flums,8898
3293,Mels,7325
3293,Mels,7326
3293,Mels,8886
3293,Mels,8887
3293,Mels,8889
3294,Pfäfers,7312
3294,Pfäfers,7313
3294,Pfäfers,7314
3294,Pfäfers,7315
3295,Quarten,8877
3295,Quarten,8878
3295,Quarten,8882
3295,Quarten,8883
3295,Quarten,8884
3295,Quarten,8885
3297,Vilters-Wangs,7323
3297,Vilters-Wangs,7324
3298,Walenstadt,8880
3298,Walenstadt,8881
3298,Walenstadt,8892
3311,Amden,8873
3312,Benken (SG),8717
3313,Kaltbrunn,8722
3315,Schänis,8718
3315,Schänis,8723
3338,Schmerikon,8716
3340,Rapperswil-Jona,8645
3340,Rapperswil-Jona,8646
3340,Rapperswil-Jona,8715
3340,Rapperswil-Jona,8734
3341,Gommiswald,8725
3341,Gommiswald,8726
3341,Gommiswald,8737
3341,Gommiswald,8738
3341,Gommiswald,8739
3342,Eschenbach (SG),8638
3342,Eschenbach (SG),8727
3342,Eschenbach (SG),8732
3342,Eschenbach (SG),8733
3342,Eschenbach (SG),8735
3352,Ebnat-Kappel,9633
3352,Ebnat-Kappel,9642
3352,Ebnat-Kappel,9643
3359,Wildhaus-Alt St. Johann,9656
3359,Wildhaus-Alt St. Johann,9657
3360,Nesslau,9650
3360,Nesslau,9651
3360,Nesslau,9652
3360,Nesslau,9655
3374,Lichtensteig,9620
3379,Wattwil,9615
3379,Wattwil,9622
3379,Wattwil,9630
3379,Wattwil,9631
3392,Kirchberg (SG),8376
3392,Kirchberg (SG),9500
3392,Kirchberg (SG),9532
3392,Kirchberg (SG),9533
3392,Kirchberg (SG),9534
3392,Kirchberg (SG),9601
3392,Kirchberg (SG),9602
3392,Kirchberg (SG),9613
3393,Lütisburg,9123
3393,Lütisburg,9243
3393,Lütisburg,9604
3393,Lütisburg,9608
3394,Mosnang,9607
3394,Mosnang,9612
3394,Mosnang,9614
3395,Bütschwil-Ganterschwil,9606
3395,Bütschwil-Ganterschwil,9621
3378,Neckertal,9114
3378,Neckertal,9115
3378,Neckertal,9116
3378,Neckertal,9122
3378,Neckertal,9125
3378,Neckertal,9126
3378,Neckertal,9127
3401,Degersheim,9230
3402,Flawil,9231
3405,Jonschwil,9242
3405,Jonschwil,9536
3407,Oberuzwil,9240
3407,Oberuzwil,9244
3407,Oberuzwil,9248
3408,Uzwil,9247
3408,Uzwil,9249
3422,Niederbüren,9203
3422,Niederbüren,9246
3423,Niederhelfenschwil,9223
3423,Niederhelfenschwil,9245
3423,Niederhelfenschwil,9524
3423,Niederhelfenschwil,9525
3423,Niederhelfenschwil,9526
3423,Niederhelfenschwil,9527
3426,Zuzwil (SG),9515
3426,Zuzwil (SG),9523
3427,Wil (SG),9512
3427,Wil (SG),9514
3427,Wil (SG),9543
3427,Wil (SG),9552
3441,Andwil (SG),9204
3441,Andwil (SG),9212
3442,Gaiserwald,9032
3444,Waldkirch,9205
3444,Waldkirch,9213
3444,Waldkirch,9304
3506,Vaz/Obervaz,7077
3506,Vaz/Obervaz,7078
3506,Vaz/Obervaz,7082
3506,Vaz/Obervaz,7450
3513,Lantsch/Lenz,7083
3514,Schmitten (GR),7493
3542,Albula/Alvra,7084
3542,Albula/Alvra,7451
3542,Albula/Alvra,7458
3542,Albula/Alvra,7459
3542,Albula/Alvra,7472
3542,Albula/Alvra,7473
3542,Albula/Alvra,7492
3543,Surses,7452
3543,Surses,7453
3543,Surses,7454
3543,Surses,7455
3543,Surses,7456
3543,Surses,7457
3543,Surses,7460
3543,Surses,7462
3543,Surses,7463
3543,Surses,7464
3544,Bergün Filisur,7477
3544,Bergün Filisur,7482
3544,Bergün Filisur,7484
3544,Bergün Filisur,7494
3551,Brusio,7743
3551,Brusio,7744
3551,Brusio,7747
3551,Brusio,7748
3561,Poschiavo,7710
3561,Poschiavo,7741
3561,Poschiavo,7742
3561,Poschiavo,7745
3561,Poschiavo,7746
3572,Falera,7032
3572,Falera,7153
3575,Laax,7031
3581,Sagogn,7152
3582,Schluein,7151
3603,Vals,7116
3603,Vals,7132
3618,Lumnezia,7110
3618,Lumnezia,7113
3618,Lumnezia,7114
3618,Lumnezia,7115
3618,Lumnezia,7142
3618,Lumnezia,7143
3618,Lumnezia,7144
3618,Lumnezia,7145
3618,Lumnezia,7146
3618,Lumnezia,7147
3618,Lumnezia,7148
3618,Lumnezia,7149
3619,Ilanz/Glion,7111
3619,Ilanz/Glion,7112
3619,Ilanz/Glion,7126
3619,Ilanz/Glion,7127
3619,Ilanz/Glion,7128
3619,Ilanz/Glion,7130
3619,Ilanz/Glion,7141
3619,Ilanz/Glion,7154
3619,Ilanz/Glion,7155
3619,Ilanz/Glion,7156
3619,Ilanz/Glion,7157
3633,Fürstenau,7413
3633,Fürstenau,7414
3637,Rothenbrunnen,7405
3638,Scharans,7412
3640,Sils im Domleschg,7411
3661,Cazis,7408
3661,Cazis,7415
3661,Cazis,7421
3661,Cazis,7422
3661,Cazis,7423
3661,Cazis,7424
3662,Flerden,7426
3663,Masein,7425
3668,Thusis,7430
3668,Thusis,7431
3669,Tschappina,7428
3670,Urmein,7427
3672,Safiental,7104
3672,Safiental,7106
3672,Safiental,7107
3672,Safiental,7109
3672,Safiental,7122
3672,Safiental,7402
3673,Domleschg,7404
3673,Domleschg,7407
3673,Domleschg,7416
3673,Domleschg,7417
3673,Domleschg,7418
3673,Domleschg,7419
3681,Avers,7447
3681,Avers,7448
3695,Sufers,7434
3701,Andeer,7440
3701,Andeer,7442
3701,Andeer,7443
3712,Zillis-Reischen,7432
3713,Ferrera,7444
3713,Ferrera,7445
3714,Rheinwald,7435
3714,Rheinwald,7436
3714,Rheinwald,7437
3714,Rheinwald,7438
3715,Muntogna da Schons,7433
3722,Domat/Ems,7013
3723,Rhäzüns,7403
3731,Felsberg,7012
3732,Flims,7017
3732,Flims,7018
3732,Flims,7019
3733,Tamins,7015
3734,Trin,7014
3734,Trin,7016
3746,Zernez,7260
3746,Zernez,7527
3746,Zernez,7530
3746,Zernez,7542
3746,Zernez,7543
3752,Samnaun,7562
3752,Samnaun,7563
3762,Scuol,7545
3762,Scuol,7546
3762,Scuol,7550
3762,Scuol,7551
3762,Scuol,7552
3762,Scuol,7553
3762,Scuol,7554
3764,Valsot,7556
3764,Valsot,7557
3764,Valsot,7558
3764,Valsot,7559
3764,Valsot,7560
3781,Bever,7502
3782,Celerina/Schlarigna,7500
3782,Celerina/Schlarigna,7504
3782,Celerina/Schlarigna,7505
3783,Madulain,7523
3785,La Punt Chamues-ch,7522
3786,Samedan,7503
3787,St. Moritz,7512
3788,S-chanf,7525
3788,S-chanf,7526
3789,Sils im Engadin/Segl,7514
3789,Sils im Engadin/Segl,7515
3789,Sils im Engadin/Segl,7517
3790,Silvaplana,7513
3791,Zuoz,7524
3792,Bregaglia,7516
3792,Bregaglia,7602
3792,Bregaglia,7603
3792,Bregaglia,7604
3792,Bregaglia,7605
3792,Bregaglia,7606
3792,Bregaglia,7608
3792,Bregaglia,7610
3804,Buseno,6542
3805,Castaneda,6537
3805,Castaneda,6540
3805,Castaneda,6541
3808,Rossa,6548
3821,Lostallo,6558
3822,Mesocco,6563
3822,Mesocco,6565
3823,Soazza,6562
3831,Cama,6557
3832,Grono,6538
3832,Grono,6556
3834,Roveredo (GR),6535
3834,Roveredo (GR),6549
3835,San Vittore,6533
3835,San Vittore,6534
3837,Calanca,6543
3837,Calanca,6544
3837,Calanca,6545
3837,Calanca,6546
3847,Val Müstair,7532
3847,Val Müstair,7533
3847,Val Müstair,7534
3847,Val Müstair,7535
3847,Val Müstair,7536
3847,Val Müstair,7537
3851,Davos,7265
3851,Davos,7270
3851,Davos,7272
3851,Davos,7276
3851,Davos,7277
3851,Davos,7278
3861,Fideris,7235
3862,Furna,7232
3863,Jenaz,7231
3863,Jenaz,7233
3871,Klosters,7247
3871,Klosters,7249
3871,Klosters,7250
3871,Klosters,7252
3881,Conters im Prättigau,7241
3882,Küblis,7240
3891,Luzein,7222
3891,Luzein,7223
3891,Luzein,7224
3891,Luzein,7226
3891,Luzein,7242
3891,Luzein,7243
3891,Luzein,7244
3891,Luzein,7245
3891,Luzein,7246
3901,Chur,7000
3901,Chur,7023
3901,Chur,7026
3901,Chur,7074
3911,Churwalden,7062
3911,Churwalden,7075
3911,Churwalden,7076
3921,Arosa,7027
3921,Arosa,7028
3921,Arosa,7029
3921,Arosa,7050
3921,Arosa,7056
3921,Arosa,7057
3921,Arosa,7058
3932,Tschiertschen-Praden,7063
3932,Tschiertschen-Praden,7064
3945,Trimmis,7202
3945,Trimmis,7203
3945,Trimmis,7213
3946,Untervaz,7204
3947,Zizers,7205
3947,Zizers,7302
3951,Fläsch,7304
3951,Fläsch,7306
3952,Jenins,7307
3954,Malans,7208
3955,Landquart,7206
3955,Landquart,7303
3961,Grüsch,7214
3961,Grüsch,7215
3962,Schiers,7220
3962,Schiers,7228
3972,Seewis im Prättigau,7212
3981,Breil/Brigels,7134
3981,Breil/Brigels,7158
3981,Breil/Brigels,7159
3981,Breil/Brigels,7162
3981,Breil/Brigels,7163
3981,Breil/Brigels,7164
3981,Breil/Brigels,7165
3982,Disentis/Mustér,7180
3982,Disentis/Mustér,7182
3982,Disentis/Mustér,7183
3982,Disentis/Mustér,7186
3983,Medel (Lucmagn),7184
3983,Medel (Lucmagn),7185
3985,Sumvitg,7172
3985,Sumvitg,7173
3985,Sumvitg,7174
3985,Sumvitg,7175
3985,Sumvitg,7176
3986,Tujetsch,7187
3986,Tujetsch,7188
3986,Tujetsch,7189
3987,Trun,7166
3987,Trun,7167
3987,Trun,7168
3988,Obersaxen Mundaun,7137
3988,Obersaxen Mundaun,7138
4001,Aarau,5000
4001,Aarau,5004
4001,Aarau,5032
4002,Biberstein,5023
4003,Buchs (AG),5033
4004,Densbüren,5025
4004,Densbüren,5026
4005,Erlinsbach (AG),5018
4006,Gränichen,5722
4006,Gränichen,5723
4007,Hirschthal,5042
4008,Küttigen,5022
4008,Küttigen,5024
4009,Muhen,5037
4010,Oberentfelden,5036
4012,Suhr,5034
4013,Unterentfelden,5035
4021,Baden,5400
4021,Baden,5404
4021,Baden,5405
4021,Baden,5406
4022,Bellikon,5454
4022,Bellikon,8967
4023,Bergdietikon,8962
4024,Birmenstorf (AG),5413
4026,Ennetbaden,5408
4027,Fislisbach,5442
4028,Freienwil,5423
4029,Gebenstorf,5412
4030,Killwangen,8956
4031,Künten,5444
4032,Mägenwil,5506
4033,Mellingen,5507
4034,Neuenhof,5432
4035,Niederrohrdorf,5443
4037,Oberrohrdorf,5452
4038,Obersiggenthal,5415
4038,Obersiggenthal,5416
4039,Remetschwil,5453
4040,Spreitenbach,8957
4041,Stetten (AG),5608
4042,Turgi,5300
4044,Untersiggenthal,5301
4044,Untersiggenthal,5417
4045,Wettingen,5430
4046,Wohlenschwil,5512
4047,Würenlingen,5303
4048,Würenlos,5436
4048,Würenlos,8109
4049,Ehrendingen,5420
4061,Arni (AG),8905
4062,Berikon,8964
4062,Berikon,8965
4063,Bremgarten (AG),5620
4063,Bremgarten (AG),5626
4064,Büttikon,5619
4065,Dottikon,5604
4065,Dottikon,5605
4066,Eggenwil,5445
4067,Fischbach-Göslikon,5525
4068,Hägglingen,5522
4068,Hägglingen,5607
4071,Jonen,8916
4072,Niederwil (AG),5524
4073,Oberlunkhofen,8917
4074,Oberwil-Lieli,8966
4076,Sarmenstorf,5614
4076,Sarmenstorf,5618
4079,Unterlunkhofen,8918
4080,Villmergen,5610
4080,Villmergen,5611
4080,Villmergen,5612
4080,Villmergen,5613
4083,Zufikon,5621
4091,Auenstein,5105
4092,Birr,5242
4093,Birrhard,5244
4095,Brugg,5116
4095,Brugg,5200
4095,Brugg,5210
4095,Brugg,5222
4099,Habsburg,5245
4100,Hausen (AG),5212
4104,Lupfig,5246
4105,Mandach,5318
4106,Mönthal,5078
4106,Mönthal,5237
4107,Mülligen,5243
4110,Remigen,5236
4111,Riniken,5223
4112,Rüfenach,5235
4117,Thalheim (AG),5112
4120,Veltheim (AG),5106
4121,Villigen,5233
4121,Villigen,5234
4122,Villnachern,5107
4122,Villnachern,5213
4122,Villnachern,5225
4125,Schinznach,5108
4131,Beinwil am See,5712
4132,Birrwil,5708
4134,Dürrenäsch,5724
4134,Dürrenäsch,5726
4135,Gontenschwil,5046
4135,Gontenschwil,5728
4136,Holziken,5043
4137,Leimbach (AG),5733
4138,Leutwil,5706
4138,Leutwil,5725
4139,Menziken,5736
4139,Menziken,5737
4140,Oberkulm,5727
4141,Reinach (AG),5734
4142,Schlossrued,5044
4144,Schöftland,5040
4147,Zetzwil,5732
4161,Eiken,5074
4163,Frick,5070
4164,Gansingen,5272
4165,Gipf-Oberfrick,5063
4165,Gipf-Oberfrick,5073
4169,Kaisten,5080
4169,Kaisten,5082
4169,Kaisten,5083
4170,Laufenburg,5084
4170,Laufenburg,5085
4172,Münchwilen (AG),4333
4173,Oberhof,5062
4175,Oeschgen,5072
4176,Schwaderloch,5326
4177,Sisseln,4334
4181,Wittnau,5064
4183,Zeihen,5079
4184,Mettauertal,5273
4184,Mettauertal,5274
4184,Mettauertal,5275
4184,Mettauertal,5276
4184,Mettauertal,5277
4185,Böztal,5075
4185,Böztal,5076
4185,Böztal,5077
4191,Ammerswil,5600
4193,Brunegg,5505
4194,Dintikon,5606
4195,Egliswil,5703
4195,Egliswil,5704
4196,Fahrwangen,5615
4197,Hallwil,5705
4199,Holderbank (AG),5113
4200,Hunzenschwil,5502
4202,Meisterschwanden,5616
4202,Meisterschwanden,5617
4203,Möriken-Wildegg,5103
4204,Niederlenz,5702
4205,Othmarsingen,5504
4206,Rupperswil,5102
4207,Schafisheim,5503
4208,Seengen,5707
4210,Staufen,5603
4221,Abtwil,5646
4222,Aristau,5628
4222,Aristau,5630
4223,Auw,5637
4223,Auw,5643
4223,Auw,5644
4226,Besenbüren,5627
4227,Bettwil,5632
4228,Boswil,5623
4229,Bünzen,5624
4231,Dietwil,6042
4233,Kallern,5625
4234,Merenschwand,5634
4234,Merenschwand,5636
4237,Oberrüti,5647
4238,Rottenschwil,8919
4239,Sins,5645
4240,Waltenschwil,5622
4253,Magden,4312
4254,Möhlin,4313
4255,Mumpf,4322
4256,Obermumpf,4324
4258,Rheinfelden,4310
4259,Schupfart,4325
4260,Stein (AG),4332
4261,Wallbach,4323
4262,Wegenstetten,4317
4263,Zeiningen,4314
4263,Zeiningen,4315
4271,Aarburg,4665
4273,Bottenwil,4813
4273,Bottenwil,4814
4274,Brittnau,4803
4274,Brittnau,4805
4275,Kirchleerau,5054
4276,Kölliken,5742
4279,Murgenthal,4853
4279,Murgenthal,4856
4280,Oftringen,4800
4281,Reitnau,5056
4281,Reitnau,5057
4282,Rothrist,4802
4282,Rothrist,4852
4283,Safenwil,5745
4284,Staffelbach,5053
4286,Uerkheim,4812
4288,Wiliberg,5058
4303,Böttstein,5314
4303,Böttstein,5315
4304,Döttingen,5312
4305,Endingen,5304
4305,Endingen,5305
4306,Fisibach,5467
4307,Full-Reuenthal,5324
4309,Klingnau,5313
4309,Klingnau,5322
4311,Leibstadt,5325
4312,Lengnau (AG),5426
4313,Leuggern,5316
4313,Leuggern,5317
4314,Mellikon,5465
4318,Schneisingen,5425
4320,Tegerfelden,5306
4324,Zurzach,5323
4324,Zurzach,5330
4324,Zurzach,5332
4324,Zurzach,5333
4324,Zurzach,5334
4324,Zurzach,5463
4324,Zurzach,5464
4324,Zurzach,5466
4401,Arbon,9320
4406,Dozwil,8582
4411,Egnach,9314
4411,Egnach,9322
4426,Kesswil,8593
4431,Roggwil (TG),9325
4436,Romanshorn,8590
4441,Salmsach,8599
4451,Uttwil,8592
4461,Amriswil,8581
4461,Amriswil,8587
4476,Erlen,8586
4476,Erlen,9216
4486,Hauptwil-Gottshaus,9225
4501,Kradolf-Schönenberg,9214
4501,Kradolf-Schönenberg,9215
4501,Kradolf-Schönenberg,9217
4506,Sulgen,8583
4511,Zihlschlacht-Sitterdorf,8588
4511,Zihlschlacht-Sitterdorf,8589
4536,Basadingen-Schlattingen,8254
4536,Basadingen-Schlattingen,8255
4545,Diessenhofen,8252
4545,Diessenhofen,8253
4551,Aadorf,8356
4551,Aadorf,8357
4551,Aadorf,8522
4551,Aadorf,9547
4561,Felben-Wellhausen,8552
4566,Frauenfeld,9548
4571,Gachnang,8547
4590,Hüttlingen,8553
4601,Neunforn,8526
4606,Stettfurt,9507
4611,Thundorf,8512
4616,Uesslingen-Buch,8524
4621,Warth-Weiningen,8532
4621,Warth-Weiningen,8536
4641,Altnau,8595
4643,Bottighofen,8280
4643,Bottighofen,8598
4646,Ermatingen,8272
4646,Ermatingen,8273
4651,Gottlieben,8274
4656,Güttingen,8594
4666,Kemmental,8565
4666,Kemmental,8566
4666,Kemmental,8573
4681,Langrickenbach,8585
4683,Lengwil,8574
4691,Münsterlingen,8596
4691,Münsterlingen,8597
4701,Wäldi,8558
4701,Wäldi,8564
4711,Affeltrangen,8514
4711,Affeltrangen,9555
4711,Affeltrangen,9556
4711,Affeltrangen,9562
4716,Bettwiesen,9553
4721,Bichelsee-Balterswil,8362
4723,Braunau,9502
4724,Eschlikon,8360
4724,Eschlikon,8370
4726,Fischingen,8372
4726,Fischingen,8374
4741,Lommis,9506
4741,Lommis,9508
4746,Münchwilen (TG),9542
4751,Rickenbach (TG),9535
4756,Schönholzerswilen,8577
4761,Sirnach,8371
4761,Sirnach,9573
4776,Tobel-Tägerschen,9554
4781,Wängi,9545
4781,Wängi,9546
4801,Berlingen,8267
4806,Eschenz,8264
4811,Herdern,8506
4811,Herdern,8535
4816,Homburg,8507
4816,Homburg,8508
4821,Hüttwilen,8537
4826,Mammern,8265
4831,Müllheim,8555
4841,Pfyn,8505
4851,Salenstein,8268
4851,Salenstein,8269
4864,Steckborn,8266
4871,Wagenhausen,8259
4881,Amlikon-Bissegg,8554
4891,Berg (TG),8570
4891,Berg (TG),8572
4891,Berg (TG),8576
4891,Berg (TG),8584
4911,Bürglen (TG),8575
4921,Bussnang,9503
4921,Bussnang,9504
4921,Bussnang,9517
4921,Bussnang,9565
4941,Märstetten,8560
4941,Märstetten,8561
4951,Wigoltingen,8556
5001,Arbedo-Castione,6517
5001,Arbedo-Castione,6532
5002,Bellinzona,6500
5002,Bellinzona,6503
5002,Bellinzona,6512
5002,Bellinzona,6513
5002,Bellinzona,6514
5002,Bellinzona,6515
5002,Bellinzona,6518
5002,Bellinzona,6523
5002,Bellinzona,6524
5002,Bellinzona,6525
5002,Bellinzona,6528
5002,Bellinzona,6582
5002,Bellinzona,6583
5002,Bellinzona,6584
5002,Bellinzona,6592
5002,Bellinzona,6702
5003,Cadenazzo,6593
5003,Cadenazzo,6599
5009,Isone,6810
5048,Acquarossa,6715
5048,Acquarossa,6716
5048,Acquarossa,6721
5048,Acquarossa,6722
5048,Acquarossa,6723
5048,Acquarossa,6724
5049,Blenio,6717
5049,Blenio,6718
5049,Blenio,6719
5049,Blenio,6720
5050,Serravalle,6713
5050,Serravalle,6714
5061,Airolo,6780
5063,Bedretto,6781
5064,Bodio,6743
5071,Dalpe,6774
5072,Faido,6746
5072,Faido,6747
5072,Faido,6748
5072,Faido,6749
5072,Faido,6760
5072,Faido,6763
5072,Faido,6764
5073,Giornico,6745
5076,Personico,6744
5077,Pollegio,6742
5078,Prato (Leventina),6772
5078,Prato (Leventina),6773
5079,Quinto,6775
5079,Quinto,6776
5079,Quinto,6777
5091,Ascona,6612
5091,Ascona,6618
5096,Brione sopra Minusio,6645
5096,Brione sopra Minusio,6646
5097,Brissago,6614
5108,Gordola,6596
5112,Lavertezzo,6595
5113,Locarno,6516
5113,Locarno,6572
5113,Locarno,6594
5113,Locarno,6600
5113,Locarno,6605
5113,Locarno,6644
5113,Locarno,6652
5115,Losone,6616
5117,Mergoscia,6647
5118,Minusio,6598
5118,Minusio,6648
5125,Ronco sopra Ascona,6613
5125,Ronco sopra Ascona,6622
5136,Onsernone,6611
5136,Onsernone,6661
5136,Onsernone,6662
5136,Onsernone,6663
5136,Onsernone,6664
5138,Cugnasco-Gerra,6597
5141,Agno,6982
5141,Agno,6990
5141,Agno,6992
5143,Aranno,6994
5144,Arogno,6822
5144,Arogno,6823
5146,Astano,6999
5148,Bedano,6930
5149,Bedigliora,6981
5149,Bedigliora,6986
5151,Bioggio,6934
5151,Bioggio,6935
5151,Bioggio,6993
5154,Bissone,6816
5160,Brusino Arsizio,6827
5160,Brusino Arsizio,6867
5161,Cademario,6936
5162,Cadempino,6814
5167,Canobbio,6952
5171,Caslano,6987
5176,Comano,6944
5176,Comano,6949
5186,Grancia,6916
5187,Gravesano,6929
5189,Lamone,6807
5192,Lugano,6900
5192,Lugano,6912
5192,Lugano,6913
5192,Lugano,6914
5192,Lugano,6915
5192,Lugano,6917
5192,Lugano,6918
5192,Lugano,6932
5192,Lugano,6943
5192,Lugano,6951
5192,Lugano,6959
5192,Lugano,6962
5192,Lugano,6963
5192,Lugano,6964
5192,Lugano,6965
5192,Lugano,6966
5192,Lugano,6967
5192,Lugano,6968
5192,Lugano,6974
5192,Lugano,6976
5192,Lugano,6977
5192,Lugano,6978
5192,Lugano,6979
5193,Magliaso,6983
5194,Manno,6928
5198,Melide,6815
5199,Mezzovico-Vira,6805
5203,Morcote,6922
5205,Muzzano,6933
5206,Neggio,6991
5208,Origlio,6945
5212,Ponte Capriasca,6946
5214,Porza,6942
5214,Porza,6948
5216,Pura,6984
5225,Sorengo,6924
5226,Capriasca,6947
5226,Capriasca,6950
5226,Capriasca,6953
5226,Capriasca,6954
5226,Capriasca,6955
5226,Capriasca,6956
5226,Capriasca,6957
5226,Capriasca,6958
5226,Capriasca,6960
5227,Torricella-Taverne,6808
5233,Vico Morcote,6921
5236,Collina d'Oro,6919
5236,Collina d'Oro,6925
5236,Collina d'Oro,6926
5236,Collina d'Oro,6927
5237,Alto Malcantone,6937
5237,Alto Malcantone,6938
5237,Alto Malcantone,6939
5238,Monteceneri,6802
5238,Monteceneri,6803
5238,Monteceneri,6804
5238,Monteceneri,6806
5238,Monteceneri,6809
5239,Tresa,6980
5239,Tresa,6988
5239,Tresa,6989
5239,Tresa,6995
5239,Tresa,6997
5239,Tresa,6998
5242,Balerna,6828
5242,Balerna,6830
5249,Castel San Pietro,6850
5249,Castel San Pietro,6872
5249,Castel San Pietro,6873
5249,Castel San Pietro,6874
5249,Castel San Pietro,6875
5249,Castel San Pietro,6877
5250,Chiasso,6832
5254,Mendrisio,6852
5254,Mendrisio,6853
5254,Mendrisio,6855
5254,Mendrisio,6862
5254,Mendrisio,6863
5254,Mendrisio,6864
5254,Mendrisio,6865
5254,Mendrisio,6866
5257,Morbio Inferiore,6834
5260,Novazzano,6883
5263,Riva San Vitale,6826
5266,Stabio,6854
5268,Vacallo,6833
5269,Breggia,6835
5269,Breggia,6837
5269,Breggia,6838
5269,Breggia,6839
5281,Biasca,6710
5287,Riviera,6526
5287,Riviera,6527
5287,Riviera,6703
5287,Riviera,6705
5287,Riviera,6707
5304,Bosco/Gurin,6685
5307,Campo (Vallemaggia),6683
5307,Campo (Vallemaggia),6684
5310,Cevio,6675
5310,Cevio,6676
5310,Cevio,6690
5315,Linescio,6682
5317,Maggia,6673
5317,Maggia,6674
5317,Maggia,6677
5317,Maggia,6678
5323,Lavizzara,6692
5323,Lavizzara,6693
5323,Lavizzara,6694
5323,Lavizzara,6695
5323,Lavizzara,6696
5324,Avegno Gordevio,6670
5324,Avegno Gordevio,6672
5396,Terre di Pedemonte,6653
5396,Terre di Pedemonte,6654
5397,Centovalli,6655
5397,Centovalli,6656
5397,Centovalli,6657
5397,Centovalli,6658
5397,Centovalli,6659
5398,Gambarogno,6571
5398,Gambarogno,6573
5398,Gambarogno,6574
5398,Gambarogno,6575
5398,Gambarogno,6576
5398,Gambarogno,6577
5398,Gambarogno,6578
5398,Gambarogno,6579
5399,Verzasca,6631
5399,Verzasca,6632
5399,Verzasca,6633
5399,Verzasca,6634
5399,Verzasca,6635
5399,Verzasca,6636
5399,Verzasca,6637
5401,Aigle,1860
5401,Aigle,1863
5402,Bex,1880
5402,Bex,1882
5403,Chessel,1846
5404,Corbeyrier,1856
5406,Lavey-Morcles,1892
5407,Leysin,1854
5408,Noville,1845
5409,Ollon,1866
5409,Ollon,1867
5409,Ollon,1884
5409,Ollon,1885
5410,Ormont-Dessous,1660
5410,Ormont-Dessous,1862
5411,Ormont-Dessus,1864
5411,Ormont-Dessus,1865
5412,Rennaz,1847
5413,Roche (VD),1852
5414,Villeneuve (VD),1844
5415,Yvorne,1853
5422,Aubonne,1170
5422,Aubonne,1172
5422,Aubonne,1174
5423,Ballens,1144
5424,Berolle,1149
5425,Bière,1145
5427,Féchy,1166
5427,Féchy,1173
5428,Gimel,1188
5429,Longirod,1261
5431,Mollens (VD),1146
5435,Saint-Livres,1176
5436,Saint-Oyens,1187
5437,Saubraz,1189
5456,Cudrefin,1588
5464,Vully-les-Lacs,1584
5464,Vully-les-Lacs,1585
5464,Vully-les-Lacs,1586
5464,Vully-les-Lacs,1587
5464,Vully-les-Lacs,1589
5471,Bettens,1042
5471,Bettens,1306
5472,Bournens,1035
5473,Boussens,1034
5474,La Chaux (Cossonay),1148
5474,La Chaux (Cossonay),1308
5474,La Chaux (Cossonay),1316
5477,Cossonay,1304
5482,Eclépens,1312
5483,Ferreyres,1313
5484,Gollion,1124
5485,Grancy,1117
5487,Lussery-Villars,1307
5489,Mex (VD),1031
5491,Mont-la-Ville,1325
5492,Montricher,1147
5493,Orny,1317
5493,Orny,1372
5495,Penthalaz,1305
5496,Penthaz,1303
5497,Pompaples,1318
5498,La Sarraz,1315
5501,Sullens,1036
5503,Vufflens-la-Ville,1302
5512,Bercher,1038
5514,Bottens,1041
5515,Bretigny-sur-Morrens,1053
5518,Echallens,1040
5520,Essertines-sur-Yverdon,1417
5521,Etagnières,1037
5522,Fey,1044
5523,Froideville,1055
5527,Morrens (VD),1054
5529,Oulens-sous-Echallens,1377
5530,Pailly,1416
5531,Penthéréaz,1375
5534,Rueyres,1046
5539,Vuarrens,1418
5540,Montilliez,1043
5541,Goumoëns,1376
5551,Bonvillars,1423
5551,Bonvillars,1427
5552,Bullet,1452
5552,Bullet,1453
5553,Champagne,1424
5554,Concise,1426
5554,Concise,2028
5556,Fiez,1420
5557,Fontaines-sur-Grandson,1421
5559,Giez,1429
5561,Grandson,1422
5563,Mutrux,1428
5564,Novalles,1431
5565,Onnens (VD),1425
5566,Provence,2108
5568,Sainte-Croix,1445
5568,Sainte-Croix,1450
5568,Sainte-Croix,1454
5581,Belmont-sur-Lausanne,1092
5582,Cheseaux-sur-Lausanne,1033
5583,Crissier,1023
5584,Epalinges,1066
5585,Jouxtens-Mézery,1008
5586,Lausanne,1000
5586,Lausanne,1003
5586,Lausanne,1004
5586,Lausanne,1005
5586,Lausanne,1006
5586,Lausanne,1007
5586,Lausanne,1010
5586,Lausanne,1011
5586,Lausanne,1012
5586,Lausanne,1018
5586,Lausanne,1032
5586,Lausanne,1052
5588,Paudex,1094
5588,Paudex,1095
5590,Pully,1009
5590,Pully,1068
5591,Renens (VD),1020
5601,Chexbres,1071
5604,Forel (Lavaux),1072
5604,Forel (Lavaux),1080
5604,Forel (Lavaux),1091
5606,Lutry,1090
5606,Lutry,1093
5607,Puidoux,1070
5607,Puidoux,1096
5607,Puidoux,1098
5607,Puidoux,1607
5611,Savigny,1073
5613,Bourg-en-Lavaux,1097
5621,Aclens,1123
5622,Bremblens,1121
5623,Buchillon,1164
5624,Bussigny,1030
5627,Chavannes-près-Renens,1015
5627,Chavannes-près-Renens,1022
5628,Chigny,1134
5629,Clarmont,1127
5631,Denens,1135
5632,Denges,1026
5634,Echichens,1112
5634,Echichens,1113
5634,Echichens,1114
5634,Echichens,1125
5635,Ecublens (VD),1024
5636,Etoy,1163
5637,Lavigny,1175
5638,Lonay,1027
5639,Lully (VD),1132
5639,Lully (VD),1162
5640,Lussy-sur-Morges,1167
5642,Morges,1110
5643,Préverenges,1028
5645,Romanel-sur-Morges,1122
5648,Saint-Sulpice (VD),1025
5649,Tolochenaz,1131
5650,Vaux-sur-Morges,1126
5651,Villars-Sainte-Croix,1029
5652,Villars-sous-Yens,1168
5654,Vullierens,1115
5655,Yens,1169
5656,Hautemorges,1116
5656,Hautemorges,1128
5656,Hautemorges,1136
5656,Hautemorges,1141
5656,Hautemorges,1142
5656,Hautemorges,1143
5661,Boulens,1063
5663,Bussy-sur-Moudon,1514
5665,Chavannes-sur-Moudon,1510
5665,Chavannes-sur-Moudon,1512
5669,Curtilles,1521
5671,Dompierre (VD),1682
5673,Hermenches,1059
5673,Hermenches,1513
5675,Lucens,1522
5675,Lucens,1526
5675,Lucens,1683
5680,Ogens,1045
5690,Villars-le-Comte,1515
5692,Vucherens,1509
5693,Montanaire,1409
5701,Arnex-sur-Nyon,1277
5702,Arzier-Le Muids,1264
5702,Arzier-Le Muids,1273
5703,Bassins,1269
5704,Begnins,1268
5705,Bogis-Bossey,1279
5708,Chavannes-des-Bois,1290
5709,Chéserex,1275
5709,Chéserex,1276
5710,Coinsins,1267
5711,Commugny,1291
5712,Coppet,1296
5712,Coppet,1297
5713,Crans (VD),1299
5714,Crassier,1263
5715,Duillier,1266
5716,Eysins,1262
5718,Genolier,1272
5720,Givrins,1271
5721,Gland,1196
5722,Grens,1274
5723,Mies,1295
5724,Nyon,1260
5725,Prangins,1197
5726,La Rippe,1278
5727,Saint-Cergue,1265
5730,Trélex,1270
5741,L'Abergement,1355
5741,L'Abergement,1357
5742,Agiez,1352
5743,Arnex-sur-Orbe,1321
5744,Ballaigues,1338
5745,Baulmes,1446
5747,Bofflens,1353
5748,Bretonnières,1329
5749,Chavornay,1373
5749,Chavornay,1374
5749,Chavornay,1435
5750,Les Clées,1356
5752,Croy,1322
5754,Juriens,1326
5756,Montcherand,1354
5757,Orbe,1350
5759,Premier,1324
5760,Rances,1439
5761,Romainmôtier-Envy,1323
5763,Valeyres-sous-Rances,1358
5764,Vallorbe,1337
5766,Vuiteboeuf,1443
5785,Corcelles-le-Jorat,1082
5790,Maracon,1613
5792,Montpreveyres,1081
5798,Ropraz,1088
5799,Servion,1077
5803,Vulliens,1084
5804,Jorat-Menthue,1058
5804,Jorat-Menthue,1061
5804,Jorat-Menthue,1062
5805,Oron,1078
5805,Oron,1610
5805,Oron,1612
5806,Jorat-Mézières,1076
5806,Jorat-Mézières,1083
5812,Champtauroz,1537
5813,Chevroux,1545
5817,Grandcour,1543
5822,Payerne,1530
5822,Payerne,1551
5827,Trey,1552
5828,Treytorrens (Payerne),1538
5830,Villarzel,1554
5830,Villarzel,1555
5831,Valbroye,1523
5831,Valbroye,1524
5831,Valbroye,1535
5831,Valbroye,1536
5841,Château-d'Oex,1659
5842,Rossinière,1658
5851,Allaman,1165
5852,Bursinel,1195
5853,Bursins,1183
5856,Essertines-sur-Rolle,1180
5856,Essertines-sur-Rolle,1185
5856,Essertines-sur-Rolle,1186
5857,Gilly,1182
5858,Luins,1184
5871,L'Abbaye,1342
5871,L'Abbaye,1344
5871,L'Abbaye,1346
5872,Le Chenit,1341
5872,Le Chenit,1347
5872,Le Chenit,1348
5873,Le Lieu,1343
5873,Le Lieu,1345
5882,Chardonne,1801
5882,Chardonne,1803
5882,Chardonne,1805
5883,Corseaux,1802
5884,Corsier-sur-Vevey,1804
5884,Corsier-sur-Vevey,1809
5886,Montreux,1807
5886,Montreux,1815
5886,Montreux,1816
5886,Montreux,1817
5886,Montreux,1820
5886,Montreux,1822
5886,Montreux,1823
5886,Montreux,1824
5886,Montreux,1832
5886,Montreux,1833
5889,La Tour-de-Peilz,1814
5890,Vevey,1800
5892,Blonay - Saint-Légier,1806
5902,Belmont-sur-Yverdon,1432
5903,Bioley-Magnoux,1407
5904,Chamblon,1436
5907,Chavannes-le-Chêne,1464
5909,Cheseaux-Noréaz,1400
5910,Cronay,1406
5911,Cuarny,1404
5912,Démoret,1415
5913,Donneloye,1408
5914,Ependes (VD),1434
5919,Mathod,1438
5922,Montagny-près-Yverdon,1442
5923,Oppens,1047
5924,Orges,1430
5925,Orzens,1413
5926,Pomy,1405
5928,Rovray,1463
5929,Suchy,1433
5930,Suscévaz,1437
5932,Ursins,1412
5933,Valeyres-sous-Montagny,1441
5939,Yvonand,1462
6002,Brig-Glis,3900
6002,Brig-Glis,3902
6004,Eggerberg,3939
6007,Naters,3903
6007,Naters,3904
6007,Naters,3914
6008,Ried-Brig,3901
6008,Ried-Brig,3911
6009,Simplon,3907
6010,Termen,3912
6010,Termen,3913
6010,Termen,3982
6021,Ardon,1957
6022,Chamoson,1908
6022,Chamoson,1955
6023,Conthey,1963
6023,Conthey,1964
6023,Conthey,1965
6023,Conthey,1975
6023,Conthey,1976
6024,Nendaz,1993
6024,Nendaz,1994
6024,Nendaz,1996
6024,Nendaz,1997
6032,Bourg-Saint-Pierre,1946
6033,Liddes,1945
6034,Orsières,1937
6034,Orsières,1938
6034,Orsières,1943
6034,Orsières,1944
6035,Sembrancher,1933
6037,Val de Bagnes,1927
6037,Val de Bagnes,1934
6037,Val de Bagnes,1936
6037,Val de Bagnes,1941
6037,Val de Bagnes,1942
6037,Val de Bagnes,1947
6037,Val de Bagnes,1948
6052,Bellwald,3997
6054,Binn,3996
6056,Ernen,3995
6057,Fiesch,3984
6061,Lax,3993
6061,Lax,3994
6076,Obergoms,3988
6076,Obergoms,3999
6077,Goms,3985
6077,Goms,3989
6077,Goms,3998
6082,Ayent,1958
6082,Ayent,1966
6082,Ayent,1972
6082,Ayent,1974
6083,Evolène,1983
6083,Evolène,1984
6083,Evolène,1985
6083,Evolène,1986
6084,Hérémence,1982
6084,Hérémence,1987
6087,Saint-Martin (VS),1969
6089,Vex,1967
6089,Vex,1981
6089,Vex,1988
6089,Vex,1992
6090,Mont-Noble,1961
6090,Mont-Noble,1968
6090,Mont-Noble,1973
6090,Mont-Noble,3967
6101,Agarn,3948
6101,Agarn,3951
6102,Albinen,3955
6104,Ergisch,3947
6109,Inden,3953
6110,Leuk,3945
6110,Leuk,3952
6110,Leuk,3956
6110,Leuk,3957
6110,Leuk,3970
6111,Leukerbad,3954
6119,Turtmann-Unterems,3940
6119,Turtmann-Unterems,3943
6119,Turtmann-Unterems,3946
6131,Bovernier,1932
6133,Fully,1926
6134,Isérables,1914
6135,Leytron,1911
6135,Leytron,1912
6136,Martigny,1904
6136,Martigny,1906
6136,Martigny,1920
6137,Martigny-Combe,1921
6137,Martigny-Combe,1928
6139,Riddes,1918
6140,Saillon,1913
6141,Saxon,1907
6142,Trient,1929
6151,Champéry,1874
6152,Collombey-Muraz,1868
6152,Collombey-Muraz,1872
6152,Collombey-Muraz,1893
6153,Monthey,1870
6153,Monthey,1871
6154,Port-Valais,1897
6154,Port-Valais,1898
6156,Troistorrents,1875
6157,Val-d'Illiez,1873
6158,Vionnaz,1895
6158,Vionnaz,1899
6159,Vouvry,1896
6172,Bister,3983
6181,Riederalp,3986
6181,Riederalp,3987
6191,Ausserberg,3938
6191,Ausserberg,3942
6192,Blatten,3919
6193,Bürchen,3935
6195,Ferden,3916
6195,Ferden,3917
6198,Niedergesteln,3949
6201,Unterbäch,3944
6202,Wiler (Lötschen),3918
6205,Bettmeralp,3991
6205,Bettmeralp,3992
6211,Collonges,1903
6212,Dorénaz,1905
6213,Evionnaz,1902
6214,Finhaut,1925
6215,Massongex,1869
6215,Massongex,1891
6217,Saint-Maurice,1890
6218,Salvan,1922
6218,Salvan,1923
6232,Chalais,3966
6232,Chalais,3979
6235,Chippis,3965
6239,Icogne,1977
6239,Icogne,1978
6239,Icogne,3963
6240,Lens,3971
6240,Lens,3978
6248,Sierre,3960
6248,Sierre,3976
6248,Sierre,3977
6252,Anniviers,3961
6253,Crans-Montana,3972
6253,Crans-Montana,3973
6253,Crans-Montana,3974
6253,Crans-Montana,3975
6254,Noble-Contrée,3968
6263,Grimisuat,1950
6263,Grimisuat,1971
6265,Savièse,1962
6266,Sion,1991
6281,Baltschieder,3930
6281,Baltschieder,3937
6282,Eisten,3908
6282,Eisten,3922
6283,Embd,3926
6285,Grächen,3925
6286,Lalden,3931
6287,Randa,3928
6288,Saas-Almagell,3905
6289,Saas-Balen,3906
6289,Saas-Balen,3910
6292,St. Niklaus,3924
6292,St. Niklaus,3927
6293,Stalden (VS),3923
6294,Staldenried,3933
6295,Täsch,3929
6298,Visperterminen,3932
6299,Zeneggen,3934
6300,Zermatt,3920
6404,Boudry,2013
6404,Boudry,2014
6404,Boudry,2015
6404,Boudry,2016
6404,Boudry,2017
6404,Boudry,2019
6404,Boudry,2022
6404,Boudry,2149
6413,Rochefort,2035
6413,Rochefort,2037
6413,Rochefort,2103
6413,Rochefort,2318
6416,Milvignes,2000
6416,Milvignes,2012
6416,Milvignes,2036
6417,La Grande Béroche,2023
6417,La Grande Béroche,2024
6417,La Grande Béroche,2025
6417,La Grande Béroche,2027
6421,La Chaux-de-Fonds,2300
6421,La Chaux-de-Fonds,2314
6421,La Chaux-de-Fonds,2322
6422,Les Planchettes,2325
6432,La Brévine,2124
6432,La Brévine,2406
6434,Le Cerneux-Péquignot,2400
6434,Le Cerneux-Péquignot,2405
6434,Le Cerneux-Péquignot,2414
6436,Le Locle,2416
6437,Les Ponts-de-Martel,2105
6437,Les Ponts-de-Martel,2316
6451,Cornaux,2072
6451,Cornaux,2075
6451,Cornaux,2087
6452,Cressier (NE),2088
6453,Enges,2067
6453,Enges,2073
6454,Hauterive (NE),2068
6458,Neuchâtel,2034
6458,Neuchâtel,2042
6461,La Tène,2074
6487,Val-de-Ruz,2043
6487,Val-de-Ruz,2046
6487,Val-de-Ruz,2052
6487,Val-de-Ruz,2053
6487,Val-de-Ruz,2054
6487,Val-de-Ruz,2056
6487,Val-de-Ruz,2057
6487,Val-de-Ruz,2058
6487,Val-de-Ruz,2063
6487,Val-de-Ruz,2065
6487,Val-de-Ruz,2206
6487,Val-de-Ruz,2207
6487,Val-de-Ruz,2208
6504,La Côte-aux-Fées,2115
6504,La Côte-aux-Fées,2117
6511,Les Verrières,2126
6512,Val-de-Travers,2112
6512,Val-de-Travers,2113
6512,Val-de-Travers,2114
6512,Val-de-Travers,2116
6512,Val-de-Travers,2123
6512,Val-de-Travers,2127
6601,Aire-la-Ville,1288
6602,Anières,1247
6603,Avully,1237
6604,Avusy,1236
6604,Avusy,1285
6605,Bardonnex,1257
6605,Bardonnex,1258
6606,Bellevue,1293
6607,Bernex,1232
6607,Bernex,1233
6607,Bernex,1286
6608,Carouge (GE),1227
6610,Céligny,1298
6611,Chancy,1284
6612,Chêne-Bougeries,1224
6612,Chêne-Bougeries,1231
6613,Chêne-Bourg,1225
6614,Choulex,1244
6615,Collex-Bossy,1239
6616,Collonge-Bellerive,1222
6616,Collonge-Bellerive,1245
6617,Cologny,1223
6618,Confignon,1228
6619,Corsier (GE),1246
6620,Dardagny,1283
6621,Genève,1201
6621,Genève,1202
6621,Genève,1203
6621,Genève,1204
6621,Genève,1205
6621,Genève,1206
6621,Genève,1207
6621,Genève,1208
6621,Genève,1209
6621,Genève,1213
6621,Genève,1218
6621,Genève,1292
6622,Genthod,1294
6623,Le Grand-Saconnex,1215
6623,Le Grand-Saconnex,1216
6624,Gy,1251
6624,Gy,1254
6625,Hermance,1248
6627,Laconnex,1287
6628,Lancy,1212
6628,Lancy,1256
6629,Meinier,1252
6630,Meyrin,1214
6630,Meyrin,1217
6635,Presinge,1243
6636,Puplinge,1241
6637,Russin,1281
6638,Satigny,1242
6640,Thônex,1226
6641,Troinex,1255
6642,Vandoeuvres,1253
6643,Vernier,1219
6643,Vernier,1220
6645,Veyrier,1234
6702,Boécourt,2856
6702,Boécourt,2857
6702,Boécourt,2883
6703,Bourrignon,2803
6704,Châtillon (JU),2843
6706,Courchapoix,2824
6706,Courchapoix,2825
6708,Courrendlin,2800
6708,Courrendlin,2830
6708,Courrendlin,2832
6709,Courroux,2805
6709,Courroux,2822
6709,Courroux,2823
6710,Courtételle,2852
6710,Courtételle,2853
6711,Delémont,2806
6712,Develier,2802
6713,Ederswiler,2813
6718,Movelier,2812
6719,Pleigne,2807
6721,Rossemaison,2842
6722,Saulcy,2718
6722,Saulcy,2873
6729,Haute-Sorne,2854
6729,Haute-Sorne,2855
6729,Haute-Sorne,2863
6729,Haute-Sorne,2864
6730,Val Terbi,2826
6730,Val Terbi,2828
6730,Val Terbi,2829
6741,Le Bémont (JU),2360
6741,Le Bémont (JU),2362
6741,Le Bémont (JU),2363
6742,Les Bois,2336
6745,Les Enfers,2353
6748,Les Genevez (JU),2714
6753,Muriaux,2338
6754,Le Noirmont,2340
6757,Saignelégier,2350
6757,Saignelégier,2354
6758,Saint-Brais,2364
6758,Saint-Brais,2882
6758,Saint-Brais,2886
6759,Soubey,2887
6771,Alle,2942
6773,Beurnevésin,2935
6774,Boncourt,2926
6775,Bonfol,2944
6778,Bure,2915
6781,Coeuve,2932
6782,Cornol,2952
6783,Courchavon,2922
6784,Courgenay,2950
6785,Courtedoux,2900
6785,Courtedoux,2905
6789,Fahy,2916
6790,Fontenais,2902
6790,Fontenais,2903
6790,Fontenais,2904
6792,Grandfontaine,2908
6806,Vendlincourt,2943
6807,Basse-Allaine,2923
6807,Basse-Allaine,2924
6807,Basse-Allaine,2925
6808,Clos du Doubs,2884
6808,Clos du Doubs,2885
6808,Clos du Doubs,2888
6808,Clos du Doubs,2889
6809,Haute-Ajoie,2906
6809,Haute-Ajoie,2907
6809,Haute-Ajoie,2912
6809,Haute-Ajoie,2914
6810,La Baroche,2946
6810,La Baroche,2947
6810,La Baroche,2953
6810,La Baroche,2954
