ID,Municipality,TotalPower
1,Aeugst am Albis,1378.65
2,Affoltern am Albis,3314.21
3,Bonstetten,1385.83
4,Hausen am Albis,21157.87
5,Hedingen,2419.19
6,Kappel am Albis,1000.48
7,Knonau,3320.99
8,Maschwanden,573.38
9,Mettmenstetten,3498.40
10,Obfelden,2147.00
11,Ottenbach,1893.55
12,Rifferswil,1135.52
13,Stallikon,3166.74
14,Wettswil am Albis,2276.05
22,Benken (ZH),287.89
23,Berg am Irchel,379.64
24,Buch am Irchel,795.78
25,Dachsen,727.24
26,Dorf,214.62
27,Feuerthalen,1637.78
28,Flaach,629.55
29,Flurlingen,402.48
30,Andelfingen,1926.93
31,Henggart,1429.56
33,Kleinandelfingen,1058.53
34,Laufen-Uhwiesen,9250.38
35,Marthalen,1305.76
37,Ossingen,2709.51
38,Rheinau,43096.39
39,Thalheim an der Thur,430.11
40,Trüllikon,546.49
41,Truttikon,257.09
43,Volken,179.78
51,Bachenbülach,6760.22
52,Bassersdorf,3183.20
53,Bülach,46464.15
54,Dietlikon,9579.82
55,Eglisau,5598.07
56,Embrach,3550.43
57,Freienstein-Teufen,1940.89
59,Hochfelden,628.55
60,Höri,1102.37
61,Hüntwangen,814.95
62,Kloten,4829.14
63,Lufingen,766.64
65,Oberembrach,500.99
66,Opfikon,6968.23
69,Wallisellen,18371.06
70,Wasterkingen,2033.74
72,Winkel,1618.13
81,Bachs,373.49
82,Boppelsen,810.31
83,Buchs (ZH),2278.51
84,Dällikon,2380.37
85,Dänikon,712.24
86,Dielsdorf,4752.54
87,Hüttikon,168.73
88,Neerach,4042.69
89,Niederglatt,5436.78
90,Niederhasli,1219.06
91,Niederweningen,1682.60
92,Oberglatt,4006.39
93,Oberweningen,1341.93
94,Otelfingen,5768.97
96,Regensdorf,6628.88
97,Rümlang,4199.38
100,Stadel,445.70
102,Weiach,748.45
111,Bäretswil,29472.25
112,Bubikon,4715.55
113,Dürnten,13092.37
114,Fischenthal,2546.94
115,Gossau (ZH),8672.10
117,Hinwil,856.67
119,Seegräben,1180.15
120,Wald (ZH),883.68
121,Wetzikon (ZH),10425.94
131,Adliswil,1716.90
135,Kilchberg (ZH),1962.68
137,Oberrieden,786.41
138,Richterswil,3896.67
141,Thalwil,3433.24
151,Erlenbach (ZH),1109.92
152,Herrliberg,2032.37
153,Hombrechtikon,3124.70
154,Küsnacht (ZH),4910.66
155,Männedorf,3671.44
156,Meilen,3047.04
158,Stäfa,4223.83
159,Uetikon am See,2346.55
160,Zumikon,1374.93
161,Zollikon,1537.54
172,Fehraltorf,5390.25
173,Hittnau,2884.26
176,Lindau,3192.22
177,Pfäffikon,5008.07
178,Russikon,1864.61
180,Weisslingen,1843.63
181,Wila,2309.93
182,Wildberg,2649.79
191,Dübendorf,5346.06
192,Egg,3213.32
193,Fällanden,2075.11
194,Greifensee,2205.57
195,Maur,1763.58
198,Uster,10237.08
199,Volketswil,11025.71
200,Wangen-Brüttisellen,1947.72
211,Altikon,647.79
213,Brütten,1010.30
214,Dägerlen,569.57
215,Dättlikon,619.20
216,Dinhard,1177.58
218,Ellikon an der Thur,619.91
219,Elsau,1925.36
220,Hagenbuch,25961.80
221,Hettlingen,1407.09
223,Neftenbach,3099.98
224,Pfungen,2266.27
225,Rickenbach (ZH),1031.04
226,Schlatt (ZH),5778.48
227,Seuzach,2309.07
228,Turbenthal,710.78
230,Winterthur,35253.82
231,Zell (ZH),2293.24
241,Aesch (ZH),803.91
242,Birmensdorf (ZH),5681.42
243,Dietikon,19870.47
244,Geroldswil,985.00
245,Oberengstringen,361.96
246,Oetwil an der Limmat,444.69
247,Schlieren,10348.78
249,Unterengstringen,426.83
251,Weiningen (ZH),4875.74
261,Zürich,68157.56
292,Stammheim,4469.41
293,Wädenswil,10507.80
294,Elgg,6987.88
295,Horgen,9370.85
296,Illnau-Effretikon,199.59
297,Bauma,142.30
298,Wiesendangen,2538.37
301,Aarberg,42111.40
302,Bargen (BE),26035.48
303,Grossaffoltern,2633.06
304,Kallnach,1156.83
305,Kappelen,818.65
306,Lyss,5661.94
307,Meikirch,2210.69
309,Radelfingen,1044.81
310,Rapperswil (BE),6937.86
311,Schüpfen,2569.39
312,Seedorf (BE),2094.10
321,Aarwangen,5428.77
322,Auswil,4168.36
323,Bannwil,29287.25
324,Bleienbach,451.84
325,Busswil bei Melchnau,1718.23
326,Gondiswil,1104.28
329,Langenthal,10774.21
331,Lotzwil,1887.57
332,Madiswil,3355.12
333,Melchnau,4622.38
335,Oeschenbach,221.91
337,Roggwil (BE),2358.28
340,Rütschelen,404.38
341,Schwarzhäusern,196.56
344,Ursenbach,1542.04
345,Wynau,20817.89
351,Bern,203040.33
352,Bolligen,6212.10
353,Bremgarten bei Bern,1765.32
354,Kirchlindach,1637.16
355,Köniz,8116.73
356,Muri bei Bern,6733.64
357,Oberbalm,1692.93
358,Stettlen,2206.81
359,Vechigen,1912.93
360,Wohlen bei Bern,4852.94
361,Zollikofen,4850.06
371,Biel/Bienne,22149.74
372,Evilard,677.50
381,Arch,949.39
382,Büetigen,1959.41
383,Büren an der Aare,2634.13
385,Diessbach bei Büren,1467.83
386,Dotzigen,1347.63
387,Lengnau (BE),1908.82
388,Leuzigen,839.28
390,Meinisberg,550.74
391,Oberwil bei Büren,804.67
392,Pieterlen,1760.01
393,Rüti bei Büren,440.89
401,Aefligen,897.36
402,Alchenstorf,564.48
403,Bäriswil,494.58
404,Burgdorf,14484.06
405,Ersigen,9417.10
406,Hasle bei Burgdorf,7843.95
407,Heimiswil,2097.80
408,Hellsau,755.29
409,Hindelbank,7124.88
411,Kernenried,815.55
424,Wynigen,816.85
431,Corgémont,5859.57
432,Cormoret,41392.59
433,Cortébert,637.36
435,La Ferrière,765.86
438,Orvin,4687.97
441,Renan (BE),501.70
442,Romont (BE),793.94
443,Saint-Imier,8948.21
444,Sonceboz-Sombeval,1165.57
445,Sonvilier,594.27
446,Tramelan,445.55
449,Sauge,223.68
450,Péry-La Heutte,3969.11
491,Brüttelen,378.03
492,Erlach,4251.14
493,Finsterhennen,1093.35
494,Gals,3956.42
495,Gampelen,1038.19
497,Lüscherz,26751.20
498,Müntschemier,2156.03
502,Vinelz,572.62
533,Bätterkinden,9777.24
538,Fraubrunnen,4843.61
540,Jegenstorf,4726.66
543,Mattstetten,4096.76
544,Moosseedorf,2868.30
552,Utzenstorf,4303.57
554,Wiler bei Utzenstorf,1804.27
556,Zielebach,1712.08
561,Adelboden,4818.97
562,Aeschi bei Spiez,3400.39
563,Frutigen,26606.92
564,Kandergrund,21.85
565,Kandersteg,4302.79
566,Krattigen,992.10
567,Reichenbach im Kandertal,613.30
571,Beatenberg,8480.98
572,Bönigen,1417.90
573,Brienz (BE),3924.53
574,Brienzwiler,18601.71
575,Därligen,606.92
576,Grindelwald,14622.87
577,Gsteigwiler,2726.30
578,Gündlischwand,32.83
579,Habkern,1952.41
580,Hofstetten bei Brienz,587.55
582,Iseltwald,52.25
584,Lauterbrunnen,5070.85
588,Niederried bei Interlaken,263.35
589,Oberried am Brienzersee,329.05
590,Ringgenberg (BE),1212.68
591,Saxeten,6.00
602,Arni (BE),1890.33
605,Bowil,3175.04
606,Brenzikofen,657.84
607,Freimettigen,4006.60
608,Grosshöchstetten,1726.04
611,Kiesen,6352.74
612,Konolfingen,361.25
613,Landiswil,1579.70
614,Linden,2288.09
615,Mirchel,1418.46
616,Münsingen,10545.81
617,Niederhünigen,575.97
619,Oberdiessbach,212.13
623,Rubigen,2471.60
627,Worb,2382.32
662,Ferenbalm,5285.53
663,Frauenkappelen,714.16
665,Gurbrü,3165.77
666,Kriechenwil,450.55
668,Mühleberg,47667.81
669,Münchenwiler,367.29
670,Neuenegg,1804.37
681,Belprahon,205.58
687,Corcelles (BE),362.83
690,Court,730.16
691,Crémines,785.39
692,Eschert,94.45
694,Grandval,208.44
696,Loveresse,183.03
700,Moutier,3545.46
701,Perrefitte,215.62
703,Reconvilier,1456.46
704,Roches (BE),121.28
706,Saicourt,329.46
708,Schelten,325.83
711,Sorvilier,241.23
715,Rebévelier,232.89
716,Petit-Val,439.49
723,La Neuveville,3437.64
724,Nods,619.05
726,Plateau de Diesse,2011.80
731,Aegerten,1139.41
732,Bellmund,3712.24
733,Brügg,10334.85
734,Bühl,871.55
735,Epsach,1966.98
738,Jens,632.01
740,Ligerz,234.71
742,Mörigen,1161.01
743,Nidau,1141.53
746,Safnern,826.28
747,Scheuren,735.10
756,Twann-Tüscherz,140.16
761,Därstetten,928.86
762,Diemtigen,1393.16
763,Erlenbach im Simmental,20120.99
766,Oberwil im Simmental,3572.27
767,Reutigen,503.25
768,Spiez,37350.13
769,Wimmis,10429.12
770,Stocken-Höfen,622.30
782,Guttannen,2744.00
783,Hasliberg,742.44
784,Innertkirchen,1340274.54
785,Meiringen,8.61
791,Boltigen,1947.36
792,Lenk,5075.02
793,St. Stephan,1594.87
794,Zweisimmen,683.31
841,Gsteig,19250.20
842,Lauenen,1291.01
843,Saanen,4332.93
852,Guggisberg,3019.13
853,Rüschegg,2122.14
855,Schwarzenburg,1700.57
861,Belp,8843.19
863,Burgistein,2753.49
867,Gurzelen,631.72
869,Kaufdorf,1044.10
872,Kirchdorf (BE),1583.74
877,Niedermuhlern,323.14
879,Riggisberg,1945.60
880,Rüeggisberg,1753.07
883,Seftigen,1290.91
885,Uttigen,1995.78
889,Thurnen,1506.62
901,Eggiwil,5986.99
902,Langnau im Emmental,5287.54
903,Lauperswil,2127.62
905,Rüderswil,1878.62
908,Trub,955.34
921,Amsoldingen,671.24
922,Blumenstein,1075.00
923,Buchholterberg,729.49
924,Eriz,1028.98
925,Fahrni,4380.91
927,Heiligenschwendi,317.91
928,Heimberg,4844.87
929,Hilterfingen,35080.96
931,Homberg,364.74
932,Horrenbach-Buchen,256.96
934,Oberhofen am Thunersee,1348.18
938,Sigriswil,1648.69
939,Steffisburg,834.87
941,Thierachern,2363.70
942,Thun,5598.20
944,Uetendorf,4093.19
951,Affoltern im Emmental,1177.59
952,Dürrenroth,1309.35
953,Eriswil,6457.75
954,Huttwil,1633.32
955,Lützelflüh,3977.42
956,Rüegsau,146.96
957,Sumiswald,4005.86
971,Attiswil,1253.26
972,Berken,486.99
973,Bettenhausen,478.73
975,Farnern,798.08
977,Heimenhausen,1134.47
979,Herzogenbuchsee,5780.53
980,Inkwil,837.93
981,Niederbipp,4804.92
982,Niederönz,2888.82
983,Oberbipp,1784.74
985,Ochlenberg,2379.19
988,Seeberg,1226.99
990,Walliswil bei Niederbipp,2952.92
991,Walliswil bei Wangen,480.10
993,Wangenried,389.19
995,Wiedlisbach,1648.09
1001,Doppleschwand,5898.16
1002,Entlebuch,17927.08
1004,Flühli,4814.12
1007,Romoos,741.26
1009,Werthenstein,717.65
1010,Escholzmatt-Marbach,4164.94
1021,Aesch (LU),1717.40
1023,Ballwil,10924.65
1024,Emmen,30266.70
1025,Ermensee,1740.95
1026,Eschenbach (LU),3443.39
1030,Hitzkirch,8370.33
1031,Hochdorf,9051.58
1032,Hohenrain,4785.84
1033,Inwil,1573.63
1039,Römerswil,1555.94
1051,Adligenswil,9293.71
1052,Buchrain,48458.74
1053,Dierikon,3099.30
1054,Ebikon,3857.03
1056,Greppen,2540.39
1058,Horw,10354.18
1059,Kriens,8210.95
1061,Luzern,7830.25
1062,Malters,10456.31
1063,Meggen,3968.45
1064,Meierskappel,1305.36
1065,Root,1677.59
1066,Schwarzenberg,1180.59
1068,Vitznau,909.88
1081,Beromünster,15077.94
1082,Büron,3139.87
1083,Buttisholz,17129.88
1084,Eich,4569.93
1085,Geuensee,1473.29
1088,Hildisrieden,3130.44
1089,Knutwil,3355.13
1091,Mauensee,14332.74
1093,Neuenkirch,11619.08
1095,Oberkirch,4983.81
1097,Rickenbach (LU),603.54
1098,Ruswil,13304.67
1100,Schlierbach,1195.13
1104,Triengen,6096.49
1107,Wolhusen,3545.27
1121,Alberswil,1303.05
1123,Altishofen,19479.26
1125,Dagmersellen,16128.33
1127,Egolzwil,2413.53
1128,Ettiswil,2649.05
1129,Fischbach,3263.49
1132,Hergiswil bei Willisau,14849.25
1135,Luthern,1298.99
1136,Menznau,784.61
1139,Pfaffnau,2779.89
1140,Reiden,1242.31
1143,Schötz,600.48
1147,Wikon,930.21
1151,Willisau,1705.29
1201,Altdorf (UR),4271.77
1202,Andermatt,3465.89
1203,Attinghausen,48301.77
1205,Bürglen (UR),29009.88
1206,Erstfeld,22994.39
1207,Flüelen,653.71
1208,Göschenen,198994.71
1209,Gurtnellen,148967.74
1211,Isenthal,1209.04
1212,Realp,3653.43
1213,Schattdorf,8943.97
1214,Seedorf (UR),17680.69
1215,Seelisberg,337.39
1216,Silenen,4374.00
1217,Sisikon,97.79
1219,Unterschächen,2574.14
1220,Wassen,54780.80
1301,Einsiedeln,8422.27
1311,Gersau,4293.66
1321,Feusisberg,7380.65
1322,Freienbach,4594.90
1331,Küssnacht (SZ),15117.06
1341,Altendorf,138385.66
1342,Galgenen,120361.13
1343,Innerthal,137.27
1345,Reichenburg,2892.26
1346,Schübelbach,5167.17
1347,Tuggen,6863.60
1348,Vorderthal,291.40
1361,Alpthal,4130.79
1362,Arth,5824.74
1363,Illgau,242.10
1364,Ingenbohl,7945.35
1365,Lauerz,634.78
1366,Morschach,444.00
1367,Muotathal,1755.64
1368,Oberiberg,571.78
1370,Rothenthurm,2061.33
1371,Sattel,9972.72
1372,Schwyz,5564.73
1375,Unteriberg,47.92
1401,Alpnach,12268.86
1402,Engelberg,56.81
1403,Giswil,63120.48
1404,Kerns,14143.16
1405,Lungern,2744.16
1406,Sachseln,4213.30
1407,Sarnen,9326.05
1501,Beckenried,3097.67
1502,Buochs,4376.11
1503,Dallenwil,514.70
1505,Ennetbürgen,1598.39
1506,Ennetmoos,9554.90
1508,Oberdorf (NW),862.76
1511,Wolfenschiessen,36296.72
1630,Glarus Nord,99359.64
1631,Glarus Süd,1632145.67
1701,Baar,18711.78
1702,Cham,15742.40
1703,Hünenberg,2810.91
1704,Menzingen,3177.51
1707,Risch,7533.37
1711,Zug,959.42
2008,Châtillon (FR),658.56
2011,Cugy (FR),4193.64
2016,Fétigny,1407.04
2022,Gletterens,823.75
2025,Lully (FR),5378.74
2027,Ménières,272.80
2029,Montagny (FR),6141.52
2035,Nuvilly,661.86
2038,Prévondavaux,2076.94
2041,Saint-Aubin (FR),2580.89
2043,Sévaz,4222.08
2044,Surpierre,4160.26
2045,Vallon,1309.23
2050,Les Montets,749.86
2051,Delley-Portalban,1425.95
2053,Belmont-Broye,12903.10
2054,Estavayer,3579.49
2055,Cheyres-Châbles,1960.98
2061,Auboranges,1555.39
2063,Billens-Hennens,941.93
2066,Chapelle (Glâne),743.68
2067,Le Châtelard,615.31
2068,Châtonnaye,1159.18
2072,Ecublens (FR),639.12
2079,Grangettes,274.56
2086,Massonnens,741.17
2087,Mézières (FR),4422.20
2089,Montet (Glâne),526.40
2097,Rue,635.63
2099,Siviriez,2487.79
2102,Ursy,1543.37
2113,Vuisternens-devant-Romont,2670.66
2114,Villorsonnens,4400.22
2115,Torny,1077.59
2117,Villaz,504.06
2121,Haut-Intyamon,36561.25
2122,Pont-en-Ogoz,1422.11
2123,Botterens,405.97
2124,Broc,25643.61
2125,Bulle,15823.36
2129,Corbières,1513.96
2131,Echarlens,3823.80
2134,Grandvillard,4982.32
2135,Gruyères,1934.63
2137,Hauteville,2153.54
2138,Jaun,13417.40
2140,Marsens,2364.49
2143,Morlon,360.44
2147,Pont-la-Ville,446.54
2148,Riaz,1667.10
2149,La Roche,1357.26
2152,Sâles,3942.71
2153,Sorens,842.44
2162,Bas-Intyamon,1419.94
2163,Val-de-Charmey,311.40
2173,Autigny,2862.40
2174,Avry,1727.67
2175,Belfaux,5339.56
2177,Chénens,862.27
2183,Corminboeuf,3457.97
2186,Cottens (FR),1681.93
2194,Ferpicloz,4573.63
2196,Fribourg,24553.64
2197,Givisiez,5284.59
2198,Granges-Paccot,1602.00
2206,Marly,88642.35
2211,Neyruz (FR),2066.09
2220,Le Mouret,691.68
2228,Villars-sur-Glâne,4179.29
2233,Hauterive (FR),1982.37
2234,La Brillaz,939.88
2236,Gibloux,14099.17
2237,Prez,4503.60
2238,Bois-d'Amont,2391.30
2250,Courgevaux,5653.74
2254,Courtepin,5607.94
2257,Cressier (FR),1472.49
2258,Fräschels,316.23
2262,Gurmels,88408.10
2272,Misery-Courtion,2053.81
2274,Muntelier,528.45
2275,Murten,3073.62
2276,Ried bei Kerzers,3189.33
2278,Ulmiz,282.08
2284,Mont-Vully,3056.91
2292,Brünisried,875.60
2293,Düdingen,7094.46
2294,Giffers,823.25
2295,Bösingen,8967.65
2296,Heitenried,1935.49
2300,Plasselb,596.89
2301,Rechthalten,800.95
2303,St. Silvester,509.26
2304,St. Ursen,3422.88
2305,Schmitten (FR),4965.39
2309,Wünnewil-Flamatt,903.19
2321,Attalens,2910.04
2323,Bossonnens,1308.67
2325,Châtel-Saint-Denis,6613.89
2328,Granges (Veveyse),1394.14
2335,Saint-Martin (FR),1436.10
2336,Semsales,2593.57
2337,Le Flon,747.24
2338,La Verrerie,2560.26
2401,Egerkingen,1502.23
2402,Härkingen,2596.70
2403,Kestenholz,2359.39
2404,Neuendorf,11752.62
2405,Niederbuchsiten,935.36
2406,Oberbuchsiten,3512.96
2407,Oensingen,7564.72
2408,Wolfwil,2257.79
2421,Aedermannsdorf,841.19
2424,Herbetswil,597.18
2425,Holderbank (SO),424.80
2426,Laupersdorf,1502.39
2427,Matzendorf,665.28
2428,Mümliswil-Ramiswil,792.26
2445,Biezwil,555.38
2455,Lüterkofen-Ichertswil,471.25
2456,Lüterswil-Gächliwil,314.49
2457,Messen,517.16
2461,Schnottwil,1866.92
2464,Lüsslingen-Nennigkofen,1440.93
2465,Buchegg,2618.43
2471,Bättwil,5165.42
2472,Büren (SO),545.22
2473,Dornach,3874.75
2474,Gempen,606.53
2475,Hochwald,1601.00
2476,Hofstetten-Flüh,1344.23
2477,Metzerlen-Mariastein,416.94
2478,Nuglar-St. Pantaleon,719.87
2479,Rodersdorf,933.62
2480,Seewen,1338.59
2481,Witterswil,761.35
2491,Hauenstein-Ifenthal,618.15
2492,Kienberg,372.76
2493,Lostorf,2359.28
2495,Niedergösgen,1090654.58
2497,Obergösgen,2213.27
2499,Stüsslingen,705.28
2500,Trimbach,6343.96
2503,Erlinsbach (SO),1187.31
2513,Biberist,41000.58
2516,Deitingen,7203.26
2517,Derendingen,4990.59
2518,Etziken,1011.82
2519,Gerlafingen,1357.76
2520,Halten,1536.11
2523,Horriwil,407.88
2530,Recherswil,1248.52
2532,Subingen,1751.50
2535,Drei Höfe,468.17
2541,Balm bei Günsberg,971.68
2542,Bellach,3035.40
2543,Bettlach,2141.45
2544,Feldbrunnen-St. Niklaus,341.62
2545,Flumenthal,512.37
2546,Grenchen,7375.10
2548,Hubersdorf,357.02
2550,Langendorf,2663.09
2551,Lommiswil,690.52
2553,Oberdorf (SO),1322.85
2554,Riedholz,1227.01
2556,Selzach,4485.24
2571,Boningen,47941.05
2573,Dulliken,2144.56
2574,Eppenberg-Wöschnau,2665.31
2575,Fulenbach,1947.52
2578,Gunzgen,5316.05
2581,Olten,2410.51
2582,Rickenbach (SO),437.62
2584,Starrkirch-Wil,805.67
2611,Bärschwil,1378.53
2613,Breitenbach,5650.20
2614,Büsserach,4344.12
2615,Erschwil,1069.16
2617,Grindel,201.10
2619,Kleinlützel,1527.05
2621,Nunningen,1200.50
2622,Zullwil,142.20
2701,Basel,83765.71
2702,Bettingen,821.17
2703,Riehen,5457.71
2761,Aesch (BL),9700.99
2762,Allschwil,6785.27
2763,Arlesheim,7818.73
2765,Binningen,3740.99
2766,Birsfelden,95445.46
2767,Bottmingen,1554.19
2768,Ettingen,2574.65
2769,Münchenstein,11146.51
2770,Muttenz,13383.56
2771,Oberwil (BL),4373.86
2772,Pfeffingen,1080.15
2774,Schönenbuch,1441.18
2775,Therwil,3989.08
2781,Blauen,427.92
2782,Brislach,4563.31
2783,Burg im Leimental,74.92
2784,Dittingen,316.11
2785,Duggingen,1273.82
2786,Grellingen,2248.29
2787,Laufen,541.48
2788,Liesberg,199.83
2789,Nenzlingen,711.12
2791,Röschenz,1012.78
2793,Zwingen,2061.68
2821,Arisdorf,691.34
2822,Augst,41790.07
2823,Bubendorf,11184.79
2824,Frenkendorf,1908.54
2825,Füllinsdorf,2965.57
2826,Giebenach,655.27
2827,Hersberg,220.71
2828,Lausen,2669.08
2830,Lupsingen,1372.78
2832,Ramlinsburg,579.75
2833,Seltisberg,868.85
2834,Ziefen,1181.83
2841,Anwil,465.10
2842,Böckten,5937.76
2843,Buckten,1033.35
2844,Buus,1098.75
2845,Diepflingen,405.51
2846,Gelterkinden,2905.06
2847,Häfelfingen,730.81
2848,Hemmiken,2517.59
2849,Itingen,1964.94
2851,Kilchberg (BL),643.49
2852,Läufelfingen,308.44
2853,Maisprach,442.52
2854,Nusshof,231.15
2855,Oltingen,372.85
2858,Rothenfluh,410.59
2860,Rünenberg,584.44
2862,Tecknau,313.00
2863,Tenniken,1018.36
2864,Thürnen,577.15
2865,Wenslingen,1207.83
2869,Zunzgen,1289.17
2881,Arboldswil,542.99
2882,Bennwil,3590.56
2883,Bretzwil,739.78
2887,Lampenberg,244.79
2889,Lauwil,300.90
2890,Liedertswil,1167.66
2891,Niederdorf,1047.93
2895,Waldenburg,696.95
2901,Gächlingen,3406.70
2903,Löhningen,1105.90
2904,Neunkirch,2805.98
2914,Büttenhardt,11980.93
2915,Dörflingen,377.12
2917,Lohn (SH),413.80
2919,Stetten (SH),403.74
2920,Thayngen,3870.94
2931,Bargen (SH),531.17
2932,Beringen,3394.68
2933,Buchberg,1143.39
2936,Merishausen,587.96
2939,Schaffhausen,5840.37
2951,Beggingen,285.12
2961,Buch (SH),514.39
2962,Hemishofen,1272.43
2963,Ramsen,1714.93
2964,Stein am Rhein,1319.13
2971,Hallau,2580.92
2972,Oberhallau,412.16
2973,Trasadingen,866.12
2974,Wilchingen,281.27
3001,Herisau,24513.89
3002,Hundwil,7566.51
3003,Schönengrund,1039.40
3004,Schwellbrunn,6164.23
3005,Stein (AR),28880.67
3021,Bühler,3046.39
3022,Gais,13446.99
3023,Speicher,3164.34
3024,Teufen (AR),4191.38
3031,Grub (AR),1986.95
3032,Heiden,7491.21
3033,Lutzenberg,691.79
3034,Rehetobel,1052.17
3035,Reute (AR),2919.16
3036,Wald (AR),678.02
3037,Walzenhausen,1208.95
3038,Wolfhalden,2194.68
3101,Appenzell,11284.62
3104,Schlatt-Haslen,954.76
3111,Oberegg,2999.04
3201,Häggenschwil,5992.63
3202,Muolen,18713.91
3203,St. Gallen,41337.95
3211,Berg (SG),3239.58
3213,Goldach,10701.83
3214,Mörschwil,5117.00
3216,Rorschacherberg,5350.83
3217,Steinach,9979.18
3218,Tübach,3487.89
3219,Untereggen,458.53
3231,Au (SG),10344.24
3232,Balgach,5135.91
3234,Diepoldsau,10575.82
3235,Rheineck,1530.22
3236,St. Margrethen,5248.15
3237,Thal,4249.26
3251,Altstätten,14169.86
3254,Oberriet (SG),3189.05
3271,Buchs (SG),42585.17
3272,Gams,4705.41
3273,Grabs,7960.32
3274,Sennwald,8143.67
3275,Sevelen,10049.87
3276,Wartau,6530.58
3291,Bad Ragaz,3269.96
3292,Flums,21553.93
3293,Mels,17715.03
3294,Pfäfers,366383.88
3295,Quarten,16221.98
3297,Vilters-Wangs,6145.60
3298,Walenstadt,9888.46
3311,Amden,1143.34
3312,Benken (SG),4924.76
3313,Kaltbrunn,3435.40
3315,Schänis,3123.52
3338,Schmerikon,2034.08
3340,Rapperswil-Jona,9853.13
3341,Gommiswald,4785.41
3342,Eschenbach (SG),8245.73
3352,Ebnat-Kappel,8958.80
3359,Wildhaus-Alt St. Johann,1216.33
3360,Nesslau,8334.17
3374,Lichtensteig,2180.87
3378,Neckertal,2673.84
3379,Wattwil,8842.02
3392,Kirchberg (SG),33924.78
3393,Lütisburg,5366.11
3394,Mosnang,2274.04
3395,Bütschwil-Ganterschwil,4554.40
3401,Degersheim,7132.56
3402,Flawil,330.42
3405,Jonschwil,6135.89
3407,Oberuzwil,7485.90
3408,Uzwil,3067.19
3422,Niederbüren,4666.64
3423,Niederhelfenschwil,17342.88
3426,Zuzwil (SG),1878.87
3427,Wil (SG),8270.02
3441,Andwil (SG),4285.85
3442,Gaiserwald,2783.53
3444,Waldkirch,9875.90
3506,Vaz/Obervaz,87271.61
3513,Lantsch/Lenz,84.96
3514,Schmitten (GR),255.41
3542,Albula/Alvra,1061.85
3543,Surses,86167.22
3544,Bergün Filisur,89761.39
3551,Brusio,57122.18
3561,Poschiavo,20436.41
3572,Falera,1009.18
3575,Laax,1216.63
3581,Sagogn,491.08
3582,Schluein,943.12
3603,Vals,233282.92
3618,Lumnezia,2583.18
3619,Ilanz/Glion,94954.23
3633,Fürstenau,370.42
3637,Rothenbrunnen,81413.10
3638,Scharans,390.76
3640,Sils im Domleschg,31155.62
3661,Cazis,5217.18
3662,Flerden,278.49
3663,Masein,558.75
3668,Thusis,451608.63
3669,Tschappina,360.80
3670,Urmein,210.23
3672,Safiental,3468.63
3673,Domleschg,2389.65
3681,Avers,230.83
3695,Sufers,934.50
3701,Andeer,3490.36
3712,Zillis-Reischen,118.66
3713,Ferrera,189343.20
3714,Rheinwald,5188.04
3715,Muntogna da Schons,796.71
3722,Domat/Ems,26509.08
3723,Rhäzüns,1749.82
3731,Felsberg,3779.05
3732,Flims,10951.17
3733,Tamins,20537.19
3734,Trin,9154.97
3746,Zernez,424252.20
3752,Samnaun,1418.40
3762,Scuol,12734.71
3764,Valsot,3548.30
3781,Bever,81.00
3782,Celerina/Schlarigna,7308.24
3783,Madulain,1395.90
3785,La Punt Chamues-ch,337.22
3786,Samedan,1578.69
3787,St. Moritz,84.39
3788,S-chanf,399.73
3789,Sils im Engadin/Segl,413.98
3790,Silvaplana,1970.60
3791,Zuoz,420.06
3792,Bregaglia,219014.13
3804,Buseno,16.98
3805,Castaneda,33715.33
3808,Rossa,52.57
3821,Lostallo,22638.64
3822,Mesocco,118714.32
3823,Soazza,78.67
3831,Cama,546.33
3832,Grono,56.52
3834,Roveredo (GR),22311.25
3835,San Vittore,2133.19
3837,Calanca,1745.33
3847,Val Müstair,5092.79
3851,Davos,3753.41
3861,Fideris,370.79
3862,Furna,345.76
3863,Jenaz,632.81
3871,Klosters,21493.70
3881,Conters im Prättigau,179.00
3882,Küblis,44978.80
3891,Luzein,3674.68
3901,Chur,20543.96
3911,Churwalden,1930.36
3921,Arosa,13503.18
3932,Tschiertschen-Praden,3906.65
3945,Trimmis,15683.49
3946,Untervaz,1992.62
3947,Zizers,14746.14
3951,Fläsch,4541.51
3952,Jenins,973.12
3954,Malans,2027.57
3955,Landquart,1687.26
3961,Grüsch,14806.18
3962,Schiers,847.93
3972,Seewis im Prättigau,970.13
3981,Breil/Brigels,358111.97
3982,Disentis/Mustér,1763.92
3983,Medel (Lucmagn),203.81
3985,Sumvitg,24889.13
3986,Tujetsch,6049.48
3987,Trun,5820.80
3988,Obersaxen Mundaun,410.75
4001,Aarau,33509.83
4002,Biberstein,1031.05
4003,Buchs (AG),14517.32
4004,Densbüren,1127.72
4005,Erlinsbach (AG),1710.13
4006,Gränichen,3578.13
4007,Hirschthal,1977.50
4008,Küttigen,3516.28
4009,Muhen,3161.99
4010,Oberentfelden,2045.31
4012,Suhr,2822.04
4013,Unterentfelden,1856.64
4021,Baden,17422.38
4022,Bellikon,1832.71
4023,Bergdietikon,1250.75
4024,Birmenstorf (AG),1345.21
4026,Ennetbaden,563.87
4027,Fislisbach,2154.70
4028,Freienwil,273.64
4029,Gebenstorf,3038.74
4030,Killwangen,368.72
4031,Künten,679.74
4032,Mägenwil,3035.09
4033,Mellingen,1618.21
4034,Neuenhof,558.70
4035,Niederrohrdorf,1381.04
4037,Oberrohrdorf,1430.92
4038,Obersiggenthal,1788.68
4039,Remetschwil,2034.06
4040,Spreitenbach,4773.01
4041,Stetten (AG),2521.60
4042,Turgi,15572.24
4044,Untersiggenthal,8121.26
4045,Wettingen,36417.27
4046,Wohlenschwil,915.01
4047,Würenlingen,4316.12
4048,Würenlos,2243.39
4049,Ehrendingen,1311.35
4061,Arni (AG),734.14
4062,Berikon,2312.42
4063,Bremgarten (AG),23645.75
4064,Büttikon,1018.00
4065,Dottikon,3506.74
4066,Eggenwil,342.75
4067,Fischbach-Göslikon,1340.81
4068,Hägglingen,3598.48
4071,Jonen,1082.79
4072,Niederwil (AG),5032.33
4073,Oberlunkhofen,1434.02
4074,Oberwil-Lieli,1427.73
4076,Sarmenstorf,3034.22
4079,Unterlunkhofen,860.54
4080,Villmergen,20219.20
4083,Zufikon,1829.80
4091,Auenstein,45374.06
4092,Birr,3866.95
4093,Birrhard,1106.70
4095,Brugg,8418.52
4099,Habsburg,363.44
4100,Hausen (AG),1187.00
4104,Lupfig,419.82
4105,Mandach,108.37
4106,Mönthal,569.86
4107,Mülligen,1101.37
4110,Remigen,581.23
4111,Riniken,333.83
4112,Rüfenach,602.13
4117,Thalheim (AG),604.07
4120,Veltheim (AG),1178.88
4121,Villigen,1062.86
4122,Villnachern,48856.97
4125,Schinznach,284.16
4131,Beinwil am See,1732.59
4132,Birrwil,525.45
4134,Dürrenäsch,3448.20
4135,Gontenschwil,2165.10
4136,Holziken,901.73
4137,Leimbach (AG),234.85
4138,Leutwil,1271.74
4139,Menziken,2264.49
4140,Oberkulm,1415.98
4141,Reinach (AG),3519.89
4142,Schlossrued,467.25
4144,Schöftland,2074.92
4147,Zetzwil,640.39
4161,Eiken,1307.32
4163,Frick,4338.57
4164,Gansingen,447.11
4165,Gipf-Oberfrick,3379.77
4169,Kaisten,108403.69
4170,Laufenburg,924.76
4172,Münchwilen (AG),448.14
4173,Oberhof,576.37
4175,Oeschgen,1262.14
4176,Schwaderloch,453.28
4177,Sisseln,9999.25
4181,Wittnau,2538.72
4183,Zeihen,887.83
4184,Mettauertal,1285.36
4185,Böztal,1987.70
4191,Ammerswil,6160.53
4193,Brunegg,1492.58
4194,Dintikon,2169.04
4195,Egliswil,4480.94
4196,Fahrwangen,1339.22
4197,Hallwil,916.48
4199,Holderbank (AG),455.93
4200,Hunzenschwil,1875.36
4202,Meisterschwanden,1840.34
4203,Möriken-Wildegg,5976.82
4204,Niederlenz,1921.06
4205,Othmarsingen,1738.28
4206,Rupperswil,2899.18
4207,Schafisheim,2772.95
4208,Seengen,2419.26
4210,Staufen,1497.02
4221,Abtwil,1339.42
4222,Aristau,8633.25
4223,Auw,11202.60
4226,Besenbüren,600.36
4227,Bettwil,848.10
4228,Boswil,1912.44
4229,Bünzen,731.55
4231,Dietwil,866.22
4233,Kallern,665.49
4234,Merenschwand,4190.11
4237,Oberrüti,2253.51
4238,Rottenschwil,856.27
4239,Sins,1818.84
4240,Waltenschwil,2487.22
4253,Magden,1568.93
4254,Möhlin,7051.53
4255,Mumpf,369.03
4256,Obermumpf,615.88
4258,Rheinfelden,169523.30
4259,Schupfart,551.73
4260,Stein (AG),38086.69
4261,Wallbach,1455.79
4262,Wegenstetten,426.15
4263,Zeiningen,1868.25
4271,Aarburg,11323.19
4273,Bottenwil,1080.72
4274,Brittnau,3821.73
4275,Kirchleerau,1236.99
4276,Kölliken,3244.41
4279,Murgenthal,1655.73
4280,Oftringen,3853.20
4281,Reitnau,2013.23
4282,Rothrist,9786.90
4283,Safenwil,2086.11
4284,Staffelbach,1061.38
4286,Uerkheim,264.25
4288,Wiliberg,127.04
4303,Böttstein,2947.84
4304,Döttingen,756159.77
4305,Endingen,2063.60
4306,Fisibach,449.48
4307,Full-Reuenthal,799.32
4309,Klingnau,45231.38
4311,Leibstadt,1362917.16
4312,Lengnau (AG),2402.96
4313,Leuggern,2226.89
4314,Mellikon,909.32
4318,Schneisingen,912.46
4320,Tegerfelden,555.32
4324,Zurzach,47138.22
4401,Arbon,8478.90
4406,Dozwil,669.59
4411,Egnach,4424.98
4426,Kesswil,1179.39
4431,Roggwil (TG),2783.09
4436,Romanshorn,6500.44
4441,Salmsach,1606.02
4451,Uttwil,919.77
4461,Amriswil,1050.65
4476,Erlen,6996.24
4486,Hauptwil-Gottshaus,919.53
4501,Kradolf-Schönenberg,6858.70
4506,Sulgen,5203.98
4511,Zihlschlacht-Sitterdorf,2841.87
4536,Basadingen-Schlattingen,2256.27
4545,Diessenhofen,3587.15
4551,Aadorf,3121.60
4561,Felben-Wellhausen,1683.49
4566,Frauenfeld,2897.98
4571,Gachnang,993.27
4590,Hüttlingen,1705.74
4601,Neunforn,593.63
4606,Stettfurt,1965.55
4611,Thundorf,2465.88
4616,Uesslingen-Buch,1042.18
4621,Warth-Weiningen,4394.77
4641,Altnau,2591.59
4643,Bottighofen,10999.76
4646,Ermatingen,2977.12
4651,Gottlieben,6147.02
4656,Güttingen,2444.97
4666,Kemmental,5357.32
4681,Langrickenbach,2934.82
4683,Lengwil,1683.86
4691,Münsterlingen,1963.57
4701,Wäldi,3327.57
4711,Affeltrangen,13628.47
4716,Bettwiesen,1121.63
4721,Bichelsee-Balterswil,3053.94
4723,Braunau,1213.10
4724,Eschlikon,9734.08
4726,Fischingen,3336.97
4741,Lommis,855.86
4746,Münchwilen (TG),2864.35
4751,Rickenbach (TG),2403.29
4756,Schönholzerswilen,1429.62
4761,Sirnach,882.37
4776,Tobel-Tägerschen,493.34
4781,Wängi,5360.63
4801,Berlingen,530.80
4806,Eschenz,1372.85
4811,Herdern,2094.22
4816,Homburg,3157.35
4821,Hüttwilen,592.73
4826,Mammern,271.00
4831,Müllheim,2383.93
4841,Pfyn,1362.92
4851,Salenstein,998.99
4864,Steckborn,3182.06
4871,Wagenhausen,1185.36
4881,Amlikon-Bissegg,1172.03
4891,Berg (TG),37727.15
4911,Bürglen (TG),4759.94
4921,Bussnang,2511.96
4941,Märstetten,4306.53
4951,Wigoltingen,2559.00
5001,Arbedo-Castione,2813.41
5002,Bellinzona,60020.34
5003,Cadenazzo,6302.21
5009,Isone,152.43
5048,Acquarossa,1802.49
5049,Blenio,1406.54
5050,Serravalle,5129.96
5061,Airolo,64762.39
5063,Bedretto,1800.00
5064,Bodio,519.54
5071,Dalpe,1151.61
5072,Faido,75145.28
5073,Giornico,267.49
5076,Personico,124004.40
5077,Pollegio,447.79
5078,Prato (Leventina),10366.33
5079,Quinto,60095.12
5091,Ascona,1737.50
5096,Brione sopra Minusio,1605.61
5097,Brissago,994.11
5108,Gordola,83325.13
5112,Lavertezzo,2868.61
5113,Locarno,14521.63
5115,Losone,3483.98
5117,Mergoscia,141.65
5118,Minusio,9291.54
5125,Ronco sopra Ascona,517.88
5136,Onsernone,507.85
5138,Cugnasco-Gerra,692.12
5141,Agno,1931.35
5143,Aranno,180.94
5144,Arogno,534.56
5146,Astano,155.61
5148,Bedano,1353.95
5149,Bedigliora,1979.94
5151,Bioggio,3851.58
5154,Bissone,167.02
5160,Brusino Arsizio,177.04
5161,Cademario,444.76
5162,Cadempino,1835.11
5167,Canobbio,777.48
5171,Caslano,2563.30
5176,Comano,1836.86
5186,Grancia,1996.26
5187,Gravesano,369.50
5189,Lamone,2060.41
5192,Lugano,19098.76
5193,Magliaso,1212.98
5194,Manno,3454.53
5198,Melide,413.52
5199,Mezzovico-Vira,3852.63
5203,Morcote,179.89
5205,Muzzano,354.08
5206,Neggio,106.26
5208,Origlio,613.96
5212,Ponte Capriasca,1072.08
5214,Porza,2005.91
5216,Pura,740.13
5225,Sorengo,429.94
5226,Capriasca,3739.79
5227,Torricella-Taverne,612.81
5233,Vico Morcote,90.67
5236,Collina d'Oro,1691.51
5237,Alto Malcantone,853.29
5238,Monteceneri,3977.68
5239,Tresa,1934.66
5242,Balerna,8279.19
5249,Castel San Pietro,12012.28
5250,Chiasso,454.56
5254,Mendrisio,11126.73
5257,Morbio Inferiore,1972.31
5260,Novazzano,3451.36
5263,Riva San Vitale,1795.44
5266,Stabio,740.96
5268,Vacallo,1320.81
5269,Breggia,1059.28
5281,Biasca,434767.77
5287,Riviera,2350.23
5307,Campo (Vallemaggia),5333.82
5310,Cevio,660517.70
5317,Maggia,12212.19
5323,Lavizzara,3106.03
5324,Avegno Gordevio,977.04
5396,Terre di Pedemonte,1250.81
5397,Centovalli,3603.39
5398,Gambarogno,2219.40
5399,Verzasca,255.88
5401,Aigle,30573.85
5402,Bex,46176.52
5403,Chessel,415.76
5404,Corbeyrier,336.69
5406,Lavey-Morcles,86651.19
5407,Leysin,701.63
5408,Noville,1841.04
5409,Ollon,4352.78
5410,Ormont-Dessous,3446.35
5411,Ormont-Dessus,6034.26
5412,Rennaz,3069.55
5413,Roche (VD),817.92
5414,Villeneuve (VD),7430.20
5415,Yvorne,674.70
5422,Aubonne,14494.63
5423,Ballens,1026.72
5424,Berolle,569.83
5425,Bière,952.25
5427,Féchy,1327.08
5428,Gimel,2206.27
5429,Longirod,1080.86
5431,Mollens (VD),331.25
5435,Saint-Livres,323.08
5436,Saint-Oyens,315.64
5437,Saubraz,101.04
5456,Cudrefin,3233.20
5464,Vully-les-Lacs,3388.48
5471,Bettens,3239.37
5472,Bournens,768.41
5473,Boussens,829.17
5474,La Chaux (Cossonay),2192.99
5477,Cossonay,2941.47
5482,Eclépens,1254.58
5483,Ferreyres,203.10
5484,Gollion,1396.77
5485,Grancy,439.34
5487,Lussery-Villars,431.17
5489,Mex (VD),1368.97
5491,Mont-la-Ville,367.30
5492,Montricher,1196.25
5493,Orny,819.39
5495,Penthalaz,1000.35
5496,Penthaz,1010.03
5497,Pompaples,420.79
5498,La Sarraz,1752.50
5501,Sullens,563.39
5503,Vufflens-la-Ville,2586.08
5512,Bercher,841.81
5514,Bottens,1990.70
5515,Bretigny-sur-Morrens,1965.89
5518,Echallens,6323.51
5520,Essertines-sur-Yverdon,1839.12
5521,Etagnières,1208.15
5522,Fey,267.81
5523,Froideville,1447.67
5527,Morrens (VD),547.15
5529,Oulens-sous-Echallens,354.94
5530,Pailly,1070.80
5531,Penthéréaz,534.53
5534,Rueyres,5335.35
5539,Vuarrens,652.26
5540,Montilliez,261.35
5541,Goumoëns,844.80
5551,Bonvillars,1142.72
5552,Bullet,731.11
5553,Champagne,1822.50
5554,Concise,948.85
5556,Fiez,386.93
5557,Fontaines-sur-Grandson,633.78
5559,Giez,546.13
5561,Grandson,1788.94
5563,Mutrux,527.28
5564,Novalles,99.64
5565,Onnens (VD),8569.70
5566,Provence,1795.18
5568,Sainte-Croix,2725.45
5581,Belmont-sur-Lausanne,1460.37
5582,Cheseaux-sur-Lausanne,2470.47
5583,Crissier,5898.51
5584,Epalinges,3818.71
5585,Jouxtens-Mézery,3408.63
5586,Lausanne,45852.72
5588,Paudex,1622.34
5590,Pully,1790.10
5591,Renens (VD),5172.61
5601,Chexbres,1667.34
5604,Forel (Lavaux),4569.68
5606,Lutry,1296.44
5607,Puidoux,7841.80
5611,Savigny,2517.00
5613,Bourg-en-Lavaux,35.47
5621,Aclens,811.65
5622,Bremblens,367.61
5623,Buchillon,332.66
5624,Bussigny,5562.24
5627,Chavannes-près-Renens,1692.32
5628,Chigny,630.53
5629,Clarmont,969.82
5631,Denens,867.19
5632,Denges,1734.36
5634,Echichens,1900.64
5635,Ecublens (VD),9638.76
5636,Etoy,4590.04
5637,Lavigny,5001.68
5638,Lonay,1107.78
5639,Lully (VD),2346.15
5640,Lussy-sur-Morges,473.89
5642,Morges,3574.30
5643,Préverenges,1296.41
5645,Romanel-sur-Morges,424.43
5648,Saint-Sulpice (VD),1805.83
5649,Tolochenaz,1172.05
5650,Vaux-sur-Morges,514.46
5651,Villars-Sainte-Croix,1592.80
5652,Villars-sous-Yens,341.06
5654,Vullierens,394.06
5655,Yens,1609.74
5656,Hautemorges,3945.94
5661,Boulens,978.66
5663,Bussy-sur-Moudon,163.22
5665,Chavannes-sur-Moudon,6127.19
5669,Curtilles,319.25
5671,Dompierre (VD),560.94
5673,Hermenches,1037.74
5675,Lucens,3464.99
5680,Ogens,244.28
5690,Villars-le-Comte,194.08
5692,Vucherens,822.81
5693,Montanaire,155.06
5701,Arnex-sur-Nyon,873.88
5702,Arzier-Le Muids,2283.71
5703,Bassins,698.75
5704,Begnins,1249.63
5705,Bogis-Bossey,1048.78
5708,Chavannes-des-Bois,2829.50
5709,Chéserex,1222.14
5710,Coinsins,1119.47
5711,Commugny,1498.44
5712,Coppet,2715.14
5713,Crans (VD),1154.95
5714,Crassier,404.31
5715,Duillier,594.92
5716,Eysins,852.87
5718,Genolier,1337.88
5720,Givrins,926.28
5721,Gland,4344.11
5722,Grens,525.96
5723,Mies,1226.32
5724,Nyon,6804.81
5725,Prangins,1259.57
5726,La Rippe,596.90
5727,Saint-Cergue,61.46
5730,Trélex,1002.84
5741,L'Abergement,29045.08
5742,Agiez,2899.31
5743,Arnex-sur-Orbe,410.90
5744,Ballaigues,590.12
5745,Baulmes,410.34
5747,Bofflens,129.18
5748,Bretonnières,102.02
5749,Chavornay,3787.68
5750,Les Clées,94.83
5752,Croy,322.70
5754,Juriens,124.96
5756,Montcherand,14663.95
5757,Orbe,7534.67
5759,Premier,108.87
5760,Rances,731.09
5761,Romainmôtier-Envy,572.03
5763,Valeyres-sous-Rances,450.27
5764,Vallorbe,30656.16
5766,Vuiteboeuf,925.58
5785,Corcelles-le-Jorat,161.82
5790,Maracon,318.12
5792,Montpreveyres,330.34
5798,Ropraz,565.94
5799,Servion,918.24
5803,Vulliens,1559.69
5804,Jorat-Menthue,579.01
5805,Oron,2099.49
5806,Jorat-Mézières,1217.18
5812,Champtauroz,91.71
5813,Chevroux,648.69
5817,Grandcour,879.17
5822,Payerne,17296.10
5827,Trey,695.06
5828,Treytorrens (Payerne),280.72
5830,Villarzel,271.96
5831,Valbroye,2655.38
5841,Château-d'Oex,296.49
5842,Rossinière,469.42
5851,Allaman,1123.14
5852,Bursinel,337.72
5853,Bursins,198.68
5856,Essertines-sur-Rolle,2849.47
5857,Gilly,457.59
5858,Luins,878.77
5871,L'Abbaye,928.25
5872,Le Chenit,3237.58
5873,Le Lieu,703.27
5882,Chardonne,1708.26
5883,Corseaux,542.00
5884,Corsier-sur-Vevey,589.76
5886,Montreux,249552.04
5889,La Tour-de-Peilz,2672.14
5890,Vevey,2092.02
5892,Blonay - Saint-Légier,4524.04
5902,Belmont-sur-Yverdon,1066.67
5903,Bioley-Magnoux,806.67
5904,Chamblon,467.16
5907,Chavannes-le-Chêne,271.47
5909,Cheseaux-Noréaz,11491.37
5910,Cronay,1186.67
5911,Cuarny,152.85
5912,Démoret,472.79
5913,Donneloye,16.28
5914,Ependes (VD),128.15
5919,Mathod,944.82
5922,Montagny-près-Yverdon,1292.52
5923,Oppens,270.75
5924,Orges,628.51
5925,Orzens,877.36
5926,Pomy,862.43
5928,Rovray,386.00
5929,Suchy,624.39
5930,Suscévaz,108.03
5932,Ursins,385.34
5933,Valeyres-sous-Montagny,269.57
5939,Yvonand,4691.79
6002,Brig-Glis,15809.62
6004,Eggerberg,210.31
6007,Naters,354763.51
6008,Ried-Brig,2783.35
6009,Simplon,63900.00
6010,Termen,10638.76
6021,Ardon,3363.17
6022,Chamoson,440516.56
6023,Conthey,26773.92
6024,Nendaz,3061.27
6032,Bourg-Saint-Pierre,4277.02
6033,Liddes,40742.59
6034,Orsières,25844.01
6035,Sembrancher,12778.71
6037,Val de Bagnes,1880408.95
6052,Bellwald,502.56
6054,Binn,286.20
6056,Ernen,165471.04
6057,Fiesch,4437.74
6061,Lax,498.91
6076,Obergoms,42973.99
6077,Goms,10981.30
6082,Ayent,117182.52
6083,Evolène,234.50
6084,Hérémence,1004.97
6087,Saint-Martin (VS),602.68
6089,Vex,34224.97
6090,Mont-Noble,1072.70
6101,Agarn,1174.72
6102,Albinen,151.24
6104,Ergisch,102.98
6109,Inden,15602.68
6110,Leuk,8089.10
6111,Leukerbad,120.31
6119,Turtmann-Unterems,156842.36
6131,Bovernier,282.72
6133,Fully,8228.80
6134,Isérables,479.46
6135,Leytron,2582.85
6136,Martigny,560807.72
6137,Martigny-Combe,736.88
6139,Riddes,729.78
6140,Saillon,1135.73
6141,Saxon,7818.84
6142,Trient,56.89
6151,Champéry,967.58
6152,Collombey-Muraz,10783.62
6153,Monthey,93064.18
6154,Port-Valais,2542.60
6156,Troistorrents,173.35
6157,Val-d'Illiez,1752.38
6158,Vionnaz,4562.56
6159,Vouvry,11539.10
6172,Bister,84321.21
6181,Riederalp,661.29
6191,Ausserberg,7149.05
6192,Blatten,6450.14
6193,Bürchen,1304.04
6195,Ferden,6432.46
6198,Niedergesteln,58.59
6201,Unterbäch,3749.79
6202,Wiler (Lötschen),1810.07
6205,Bettmeralp,74.87
6211,Collonges,5728.71
6212,Dorénaz,441.56
6213,Evionnaz,4479.89
6214,Finhaut,107450.50
6215,Massongex,1444.21
6217,Saint-Maurice,2886.56
6218,Salvan,518.62
6232,Chalais,4421.08
6235,Chippis,48426.77
6239,Icogne,5819.94
6240,Lens,1161.78
6248,Sierre,200708.00
6252,Anniviers,2233.63
6253,Crans-Montana,2283.97
6254,Noble-Contrée,491.31
6263,Grimisuat,19330.05
6265,Savièse,511.85
6266,Sion,216.19
6281,Baltschieder,8843.04
6282,Eisten,352157.99
6283,Embd,74.49
6285,Grächen,666.59
6286,Lalden,286.20
6287,Randa,11.52
6288,Saas-Almagell,44.43
6289,Saas-Balen,1471.71
6292,St. Niklaus,6325.67
6293,Stalden (VS),720.38
6294,Staldenried,358.68
6295,Täsch,1683.46
6298,Visperterminen,5790.39
6299,Zeneggen,222.23
6300,Zermatt,17644.04
6404,Boudry,33376.03
6413,Rochefort,4607.35
6416,Milvignes,13228.20
6417,La Grande Béroche,3165.43
6421,La Chaux-de-Fonds,20516.21
6422,Les Planchettes,38772.19
6432,La Brévine,1455.54
6434,Le Cerneux-Péquignot,6953.85
6436,Le Locle,404.36
6437,Les Ponts-de-Martel,1930.30
6451,Cornaux,49661.57
6452,Cressier (NE),1704.96
6453,Enges,493.09
6454,Hauterive (NE),608.71
6458,Neuchâtel,1570.43
6461,La Tène,5473.77
6487,Val-de-Ruz,11420.86
6504,La Côte-aux-Fées,803.18
6511,Les Verrières,2452.49
6512,Val-de-Travers,8782.56
6601,Aire-la-Ville,18885.82
6602,Anières,651.95
6603,Avully,322.27
6604,Avusy,870.68
6605,Bardonnex,2125.69
6606,Bellevue,1278.48
6607,Bernex,4752.43
6608,Carouge (GE),5095.20
6610,Céligny,293.43
6611,Chancy,253.45
6612,Chêne-Bougeries,2228.75
6613,Chêne-Bourg,1031.02
6614,Choulex,266.81
6615,Collex-Bossy,413.29
6616,Collonge-Bellerive,2617.53
6617,Cologny,1086.71
6618,Confignon,7813.98
6619,Corsier (GE),570.07
6620,Dardagny,483.74
6621,Genève,26229.12
6622,Genthod,1937.48
6623,Le Grand-Saconnex,1219.66
6624,Gy,734.73
6625,Hermance,52152.66
6627,Laconnex,155.21
6628,Lancy,4522.57
6629,Meinier,300.96
6630,Meyrin,13989.78
6635,Presinge,132.07
6636,Puplinge,257.29
6637,Russin,105953.98
6638,Satigny,11479.42
6640,Thônex,4193.62
6641,Troinex,1875.20
6642,Vandoeuvres,568.34
6643,Vernier,5242.76
6645,Veyrier,1966.92
6702,Boécourt,752.43
6703,Bourrignon,1105.26
6704,Châtillon (JU),262.99
6706,Courchapoix,2115.90
6708,Courrendlin,12517.71
6709,Courroux,2973.08
6710,Courtételle,1942.95
6711,Delémont,239.06
6712,Develier,1897.02
6713,Ederswiler,122.32
6718,Movelier,209.92
6719,Pleigne,225.34
6721,Rossemaison,262.75
6722,Saulcy,1332.52
6729,Haute-Sorne,6026.91
6730,Val Terbi,1201.94
6741,Le Bémont (JU),840.09
6742,Les Bois,1161.24
6745,Les Enfers,135.22
6748,Les Genevez (JU),430.53
6753,Muriaux,191.58
6754,Le Noirmont,10800.99
6757,Saignelégier,2010.76
6758,Saint-Brais,1013.30
6759,Soubey,63.83
6771,Alle,4341.41
6773,Beurnevésin,55.31
6774,Boncourt,2532.68
6775,Bonfol,1437.76
6778,Bure,2313.10
6781,Coeuve,426.74
6782,Cornol,617.54
6783,Courchavon,138.17
6784,Courgenay,9113.66
6785,Courtedoux,7672.34
6789,Fahy,358.16
6790,Fontenais,1315.45
6792,Grandfontaine,428.34
6806,Vendlincourt,704.64
6807,Basse-Allaine,1076.98
6808,Clos du Doubs,909.79
6809,Haute-Ajoie,1757.79
6810,La Baroche,2981.50
