name,id
Aeugst am Albis,1
Affoltern am Albis,2
Bonstetten,3
Hausen am Albis,4
Hedingen,5
Kappel am Albis,6
Knonau,7
Maschwanden,8
Mettmenstetten,9
Obfelden,10
Ottenbach,11
Rifferswil,12
Stallikon,13
Wettswil am Albis,14
Adlikon,21
Benken (ZH),22
Berg am Irchel,23
Buch am Irchel,24
Dachsen,25
Dorf,26
Feuerthalen,27
Flaach,28
Flurlingen,29
Andelfingen,30
Henggart,31
Humlikon,32
Kleinandelfingen,33
Laufen-Uhwiesen,34
Marthalen,35
Ossingen,37
Rheinau,38
Thalheim an der Thur,39
Trüllikon,40
Truttikon,41
Volken,43
Bachenbülach,51
Bassersdorf,52
Bülach,53
Dietlikon,54
Eglisau,55
Embrach,56
Freienstein-Teufen,57
Glattfelden,58
Hochfelden,59
Höri,60
Hüntwangen,61
Kloten,62
Lufingen,63
Nürensdorf,64
Oberembrach,65
Opfikon,66
Rafz,67
Rorbas,68
Wallisellen,69
Wasterkingen,70
Wil (ZH),71
Winkel,72
Bachs,81
Boppelsen,82
Buchs (ZH),83
Dällikon,84
Dänikon,85
Dielsdorf,86
Hüttikon,87
Neerach,88
Niederglatt,89
Niederhasli,90
Niederweningen,91
Oberglatt,92
Oberweningen,93
Otelfingen,94
Regensberg,95
Regensdorf,96
Rümlang,97
Schleinikon,98
Schöfflisdorf,99
Stadel,100
Steinmaur,101
Weiach,102
Bäretswil,111
Bubikon,112
Dürnten,113
Fischenthal,114
Gossau (ZH),115
Grüningen,116
Hinwil,117
Rüti (ZH),118
Seegräben,119
Wald (ZH),120
Wetzikon (ZH),121
Adliswil,131
Kilchberg (ZH),135
Langnau am Albis,136
Oberrieden,137
Richterswil,138
Rüschlikon,139
Thalwil,141
Erlenbach (ZH),151
Herrliberg,152
Hombrechtikon,153
Küsnacht (ZH),154
Männedorf,155
Meilen,156
Oetwil am See,157
Stäfa,158
Uetikon am See,159
Zumikon,160
Zollikon,161
Fehraltorf,172
Hittnau,173
Lindau,176
Pfäffikon,177
Russikon,178
Weisslingen,180
Wila,181
Wildberg,182
Dübendorf,191
Egg,192
Fällanden,193
Greifensee,194
Maur,195
Mönchaltorf,196
Schwerzenbach,197
Uster,198
Volketswil,199
Wangen-Brüttisellen,200
Altikon,211
Brütten,213
Dägerlen,214
Dättlikon,215
Dinhard,216
Ellikon an der Thur,218
Elsau,219
Hagenbuch,220
Hettlingen,221
Neftenbach,223
Pfungen,224
Rickenbach (ZH),225
Schlatt (ZH),226
Seuzach,227
Turbenthal,228
Winterthur,230
Zell (ZH),231
Aesch (ZH),241
Birmensdorf (ZH),242
Dietikon,243
Geroldswil,244
Oberengstringen,245
Oetwil an der Limmat,246
Schlieren,247
Uitikon,248
Unterengstringen,249
Urdorf,250
Weiningen (ZH),251
Zürich,261
Zrich,261
Stammheim,292
Wädenswil,293
Elgg,294
Horgen,295
Illnau-Effretikon,296
Bauma,297
Wiesendangen,298
Aarberg,301
Bargen (BE),302
Grossaffoltern,303
Kallnach,304
Kappelen,305
Lyss,306
Meikirch,307
Radelfingen,309
Rapperswil (BE),310
Schüpfen,311
Seedorf (BE),312
Aarwangen,321
Auswil,322
Bannwil,323
Bleienbach,324
Busswil bei Melchnau,325
Gondiswil,326
Langenthal,329
Lotzwil,331
Madiswil,332
Melchnau,333
Oeschenbach,335
Reisiswil,336
Roggwil (BE),337
Rohrbach,338
Rohrbachgraben,339
Rütschelen,340
Schwarzhäusern,341
Thunstetten,342
Ursenbach,344
Wynau,345
Bern,351
Bolligen,352
Bremgarten bei Bern,353
Kirchlindach,354
Köniz,355
Muri bei Bern,356
Oberbalm,357
Stettlen,358
Vechigen,359
Utzigen,359
Wohlen bei Bern,360
Zollikofen,361
Ittigen,362
Ostermundigen,363
Biel/Bienne,371
Evilard,372
Arch,381
Büetigen,382
Büren an der Aare,383
Diessbach bei Büren,385
Dotzigen,386
Lengnau (BE),387
Leuzigen,388
Meienried,389
Meinisberg,390
Oberwil bei Büren,391
Pieterlen,392
Rüti bei Büren,393
Wengi,394
Aefligen,401
Alchenstorf,402
Bäriswil,403
Burgdorf,404
Ersigen,405
Hasle bei Burgdorf,406
Heimiswil,407
Hellsau,408
Hindelbank,409
Höchstetten,410
Kernenried,411
Kirchberg (BE),412
Koppigen,413
Krauchthal,414
Lyssach,415
Oberburg,418
Rüdtligen-Alchenflüh,420
Rumendingen,421
Rüti bei Lyssach,422
Willadingen,423
Wynigen,424
Corgémont,431
Cormoret,432
Cortébert,433
Courtelary,434
La Ferrière,435
Mont-Tramelan,437
Orvin,438
Renan (BE),441
Romont (BE),442
Saint-Imier,443
Sonceboz-Sombeval,444
Sonvilier,445
Tramelan,446
Villeret,448
Sauge,449
Péry-La Heutte,450
Brüttelen,491
Erlach,492
Finsterhennen,493
Gals,494
Gampelen,495
Ins,496
Lüscherz,497
Müntschemier,498
Siselen,499
Treiten,500
Tschugg,501
Vinelz,502
Bätterkinden,533
Deisswil bei Münchenbuchsee,535
Diemerswil,536
Fraubrunnen,538
Jegenstorf,540
Iffwil,541
Mattstetten,543
Moosseedorf,544
Münchenbuchsee,546
Urtenen-Schönbühl,551
Utzenstorf,552
Wiggiswil,553
Wiler bei Utzenstorf,554
Zielebach,556
Zuzwil (BE),557
Adelboden,561
Aeschi bei Spiez,562
Frutigen,563
Kandergrund,564
Kandersteg,565
Krattigen,566
Reichenbach im Kandertal,567
Beatenberg,571
Bönigen,572
Brienz (BE),573
Brienzwiler,574
Därligen,575
Grindelwald,576
Gsteigwiler,577
Gündlischwand,578
Habkern,579
Hofstetten bei Brienz,580
Hofstetten b. Brienz,580
Interlaken,581
Iseltwald,582
Lauterbrunnen,584
Leissigen,585
Lütschental,586
Matten bei Interlaken,587
Niederried bei Interlaken,588
Oberried am Brienzersee,589
Ringgenberg (BE),590
Saxeten,591
Schwanden bei Brienz,592
Unterseen,593
Wilderswil,594
Arni (BE),602
Biglen,603
Bowil,605
Brenzikofen,606
Freimettigen,607
Grosshöchstetten,608
Häutligen,609
Herbligen,610
Kiesen,611
Konolfingen,612
Landiswil,613
Linden,614
Mirchel,615
Münsingen,616
Niederhünigen,617
Oberdiessbach,619
Oberthal,620
Oppligen,622
Rubigen,623
Walkringen,626
Worb,627
Zäziwil,628
Oberhünigen,629
Allmendingen,630
Wichtrach,632
Ferenbalm,662
Frauenkappelen,663
Gurbrü,665
Kriechenwil,666
Laupen,667
Mühleberg,668
Münchenwiler,669
Neuenegg,670
Wileroltigen,671
Belprahon,681
Champoz,683
Corcelles (BE),687
Court,690
Crémines,691
Eschert,692
Grandval,694
Loveresse,696
Moutier,700
Perrefitte,701
Reconvilier,703
Roches (BE),704
Saicourt,706
Saules (BE),707
Schelten,708
Seehof,709
Sorvilier,711
Tavannes,713
Rebévelier,715
Petit-Val,716
Valbirse,717
La Neuveville,723
Nods,724
Plateau de Diesse,726
Aegerten,731
Bellmund,732
Brügg,733
Bühl,734
Epsach,735
Hagneck,736
Hermrigen,737
Jens,738
Ipsach,739
Ligerz,740
Merzligen,741
Mörigen,742
Nidau,743
Orpund,744
Port,745
Safnern,746
Scheuren,747
Schwadernau,748
Studen (BE),749
Sutz-Lattrigen,750
Täuffelen,751
Walperswil,754
Worben,755
Twann-Tüscherz,756
Därstetten,761
Diemtigen,762
Erlenbach im Simmental,763
Oberwil im Simmental,766
Reutigen,767
Spiez,768
Wimmis,769
Stocken-Höfen,770
Guttannen,782
Hasliberg,783
Innertkirchen,784
Meiringen,785
Schattenhalb,786
Boltigen,791
Lenk,792
St. Stephan,793
Zweisimmen,794
Gsteig,841
Lauenen,842
Saanen,843
Guggisberg,852
Rüschegg,853
Schwarzenburg,855
Belp,861
Burgistein,863
Gerzensee,866
Gurzelen,867
Jaberg,868
Kaufdorf,869
Kehrsatz,870
Kirchdorf (BE),872
Niedermuhlern,877
Riggisberg,879
Rüeggisberg,880
Seftigen,883
Toffen,884
Uttigen,885
Wattenwil,886
Wald (BE),888
Thurnen,889
Eggiwil,901
Langnau im Emmental,902
Lauperswil,903
Röthenbach im Emmental,904
Rüderswil,905
Schangnau,906
Signau,907
Trub,908
Trubschachen,909
Amsoldingen,921
Blumenstein,922
Buchholterberg,923
Eriz,924
Fahrni,925
Heiligenschwendi,927
Heimberg,928
Hilterfingen,929
Homberg,931
Horrenbach-Buchen,932
Oberhofen am Thunersee,934
Oberlangenegg,935
Pohlern,936
Sigriswil,938
Steffisburg,939
Teuffenthal (BE),940
Thierachern,941
Thun,942
Uebeschi,943
Uetendorf,944
Unterlangenegg,945
Wachseldorn,946
Zwieselberg,947
Forst-Längenbühl,948
Affoltern im Emmental,951
Dürrenroth,952
Eriswil,953
Huttwil,954
Lützelflüh,955
Rüegsau,956
Sumiswald,957
Trachselwald,958
Walterswil (BE),959
Wyssachen,960
Attiswil,971
Berken,972
Bettenhausen,973
Farnern,975
Graben,976
Heimenhausen,977
Herzogenbuchsee,979
Inkwil,980
Niederbipp,981
Niederönz,982
Oberbipp,983
Ochlenberg,985
Rumisberg,987
Seeberg,988
Thörigen,989
Walliswil bei Niederbipp,990
Walliswil bei Wangen,991
Wangen an der Aare,992
Wangenried,993
Wiedlisbach,995
Doppleschwand,1001
Entlebuch,1002
Flühli,1004
Hasle (LU),1005
Romoos,1007
Schüpfheim,1008
Werthenstein,1009
Escholzmatt-Marbach,1010
Aesch (LU),1021
Ballwil,1023
Emmen,1024
Ermensee,1025
Eschenbach (LU),1026
Hitzkirch,1030
Hochdorf,1031
Hohenrain,1032
Inwil,1033
Rain,1037
Römerswil,1039
Rothenburg,1040
Schongau,1041
Adligenswil,1051
Buchrain,1052
Dierikon,1053
Ebikon,1054
Gisikon,1055
Greppen,1056
Honau,1057
Horw,1058
Kriens,1059
Luzern,1061
Malters,1062
Meggen,1063
Meierskappel,1064
Root,1065
Schwarzenberg,1066
Udligenswil,1067
Vitznau,1068
Weggis,1069
Beromünster,1081
Büron,1082
Buttisholz,1083
Eich,1084
Geuensee,1085
Grosswangen,1086
Hildisrieden,1088
Knutwil,1089
Mauensee,1091
Neuenkirch,1093
Nottwil,1094
Oberkirch,1095
Rickenbach (LU),1097
Ruswil,1098
Schenkon,1099
Schlierbach,1100
Sempach,1102
Sursee,1103
Triengen,1104
Wolhusen,1107
Alberswil,1121
Altbüron,1122
Altishofen,1123
Dagmersellen,1125
Egolzwil,1127
Ettiswil,1128
Fischbach,1129
Grossdietwil,1131
Hergiswil bei Willisau,1132
Luthern,1135
Menznau,1136
Nebikon,1137
Pfaffnau,1139
Reiden,1140
Roggliswil,1142
Schötz,1143
Ufhusen,1145
Wauwil,1146
Wikon,1147
Zell (LU),1150
Willisau,1151
Altdorf (UR),1201
Andermatt,1202
Attinghausen,1203
Bürglen (UR),1205
Erstfeld,1206
Flüelen,1207
Göschenen,1208
Gurtnellen,1209
Hospental,1210
Isenthal,1211
Realp,1212
Schattdorf,1213
Seedorf (UR),1214
Seelisberg,1215
Silenen,1216
Amsteg,1216
Sisikon,1217
Spiringen,1218
Unterschächen,1219
Wassen,1220
Einsiedeln,1301
Gersau,1311
Feusisberg,1321
Freienbach,1322
Wollerau,1323
Küssnacht (SZ),1331
Altendorf,1341
Galgenen,1342
Innerthal,1343
Lachen,1344
Reichenburg,1345
Schübelbach,1346
Tuggen,1347
Vorderthal,1348
Wangen (SZ),1349
Alpthal,1361
Arth,1362
Illgau,1363
Ingenbohl,1364
Lauerz,1365
Morschach,1366
Muotathal,1367
Oberiberg,1368
Riemenstalden,1369
Rothenthurm,1370
Sattel,1371
Schwyz,1372
Steinen,1373
Steinerberg,1374
Unteriberg,1375
Alpnach,1401
Engelberg,1402
Giswil,1403
Kerns,1404
Lungern,1405
Sachseln,1406
Sarnen,1407
Beckenried,1501
Buochs,1502
Dallenwil,1503
Emmetten,1504
Ennetbürgen,1505
Ennetmoos,1506
Hergiswil (NW),1507
Oberdorf (NW),1508
Stans,1509
Stansstad,1510
Wolfenschiessen,1511
Glarus Nord,1630
Glarus Süd,1631
Glarus,1632
Baar,1701
Cham,1702
Hünenberg,1703
Menzingen,1704
Neuheim,1705
Oberägeri,1706
Risch,1707
Steinhausen,1708
Unterägeri,1709
Walchwil,1710
Zug,1711
Châtillon (FR),2008
Cugy (FR),2011
Fétigny,2016
Gletterens,2022
Lully (FR),2025
Ménières,2027
Montagny (FR),2029
Nuvilly,2035
Prévondavaux,2038
Saint-Aubin (FR),2041
Sévaz,2043
Surpierre,2044
Vallon,2045
Les Montets,2050
Delley-Portalban,2051
Belmont-Broye,2053
Estavayer,2054
Cheyres-Châbles,2055
Auboranges,2061
Billens-Hennens,2063
Chapelle (Glâne),2066
Le Châtelard,2067
Châtonnaye,2068
Ecublens (FR),2072
Grangettes,2079
Massonnens,2086
Mézières (FR),2087
Montet (Glâne),2089
Romont (FR),2096
Rue,2097
Siviriez,2099
Ursy,2102
Vuisternens-devant-Romont,2113
Villorsonnens,2114
Torny,2115
Villaz,2117
Haut-Intyamon,2121
Pont-en-Ogoz,2122
Botterens,2123
Broc,2124
Bulle,2125
Châtel-sur-Montsalvens,2128
Corbières,2129
Crésuz,2130
Echarlens,2131
Grandvillard,2134
Gruyères,2135
Hauteville,2137
Jaun,2138
Marsens,2140
Morlon,2143
Le Pâquier (FR),2145
Pont-la-Ville,2147
Riaz,2148
La Roche,2149
Sâles,2152
Sorens,2153
Vaulruz,2155
Vuadens,2160
Bas-Intyamon,2162
Val-de-Charmey,2163
Autigny,2173
Avry,2174
Belfaux,2175
Chénens,2177
Corminboeuf,2183
Cottens (FR),2186
Ferpicloz,2194
Fribourg,2196
Givisiez,2197
Granges-Paccot,2198
Grolley,2200
Marly,2206
Matran,2208
Neyruz (FR),2211
Pierrafortscha,2216
Ponthaux,2217
Le Mouret,2220
Treyvaux,2226
Villars-sur-Glâne,2228
Villarsel-sur-Marly,2230
Hauterive (FR),2233
La Brillaz,2234
La Sonnaz,2235
Gibloux,2236
Prez,2237
Bois-d'Amont,2238
Courgevaux,2250
Courtepin,2254
Cressier (FR),2257
Fräschels,2258
Greng,2261
Gurmels,2262
Kerzers,2265
Kleinbösingen,2266
Meyriez,2271
Misery-Courtion,2272
Muntelier,2274
Murten,2275
Ried bei Kerzers,2276
Ulmiz,2278
Mont-Vully,2284
Brünisried,2292
Düdingen,2293
Giffers,2294
Bösingen,2295
Heitenried,2296
Plaffeien,2299
Plasselb,2300
Rechthalten,2301
St. Silvester,2303
St. Ursen,2304
Schmitten (FR),2305
Tafers,2306
Tentlingen,2307
Ueberstorf,2308
Wünnewil-Flamatt,2309
Attalens,2321
Bossonnens,2323
Châtel-Saint-Denis,2325
Granges (Veveyse),2328
Remaufens,2333
Saint-Martin (FR),2335
Semsales,2336
Le Flon,2337
La Verrerie,2338
Staatswald Galm,2391
Egerkingen,2401
Härkingen,2402
Kestenholz,2403
Neuendorf,2404
Niederbuchsiten,2405
Oberbuchsiten,2406
Oensingen,2407
Wolfwil,2408
Aedermannsdorf,2421
Balsthal,2422
Herbetswil,2424
Holderbank (SO),2425
Laupersdorf,2426
Matzendorf,2427
Mümliswil-Ramiswil,2428
Welschenrohr-Gänsbrunnen,2430
Biezwil,2445
Lüterkofen-Ichertswil,2455
Lüterswil-Gächliwil,2456
Messen,2457
Schnottwil,2461
Unterramsern,2463
Lüsslingen-Nennigkofen,2464
Buchegg,2465
Bättwil,2471
Büren (SO),2472
Dornach,2473
Gempen,2474
Hochwald,2475
Hofstetten-Flüh,2476
Metzerlen-Mariastein,2477
Nuglar-St. Pantaleon,2478
Rodersdorf,2479
Seewen,2480
Witterswil,2481
Hauenstein-Ifenthal,2491
Kienberg,2492
Lostorf,2493
Niedergösgen,2495
Obergösgen,2497
Stüsslingen,2499
Trimbach,2500
Winznau,2501
Wisen (SO),2502
Erlinsbach (SO),2503
Aeschi (SO),2511
Biberist,2513
Bolken,2514
Deitingen,2516
Derendingen,2517
Etziken,2518
Gerlafingen,2519
Halten,2520
Horriwil,2523
Hüniken,2524
Kriegstetten,2525
Lohn-Ammannsegg,2526
Luterbach,2527
Obergerlafingen,2528
Oekingen,2529
Recherswil,2530
Subingen,2532
Zuchwil,2534
Drei Höfe,2535
Balm bei Günsberg,2541
Bellach,2542
Bettlach,2543
Feldbrunnen-St. Niklaus,2544
Flumenthal,2545
Grenchen,2546
Günsberg,2547
Hubersdorf,2548
Kammersrohr,2549
Langendorf,2550
Lommiswil,2551
Oberdorf (SO),2553
Riedholz,2554
Rüttenen,2555
Selzach,2556
Boningen,2571
Däniken,2572
Dulliken,2573
Eppenberg-Wöschnau,2574
Fulenbach,2575
Gretzenbach,2576
Gunzgen,2578
Hägendorf,2579
Kappel (SO),2580
Olten,2581
Rickenbach (SO),2582
Schönenwerd,2583
Starrkirch-Wil,2584
Walterswil (SO),2585
Wangen bei Olten,2586
Solothurn,2601
Bärschwil,2611
Beinwil (SO),2612
Breitenbach,2613
Büsserach,2614
Erschwil,2615
Fehren,2616
Grindel,2617
Himmelried,2618
Kleinlützel,2619
Meltingen,2620
Nunningen,2621
Zullwil,2622
Basel,2701
Bettingen,2702
Riehen,2703
Aesch (BL),2761
Aesch BL,2761
Allschwil,2762
Arlesheim,2763
Biel-Benken,2764
Binningen,2765
Birsfelden,2766
Bottmingen,2767
Ettingen,2768
Münchenstein,2769
Muttenz,2770
Oberwil (BL),2771
Pfeffingen,2772
Reinach (BL),2773
Schönenbuch,2774
Therwil,2775
Blauen,2781
Brislach,2782
Burg im Leimental,2783
Dittingen,2784
Duggingen,2785
Grellingen,2786
Laufen,2787
Liesberg,2788
Nenzlingen,2789
Roggenburg,2790
Röschenz,2791
Wahlen,2792
Zwingen,2793
Arisdorf,2821
Augst,2822
Bubendorf,2823
Frenkendorf,2824
Füllinsdorf,2825
Giebenach,2826
Hersberg,2827
Lausen,2828
Liestal,2829
Lupsingen,2830
Pratteln,2831
Ramlinsburg,2832
Seltisberg,2833
Ziefen,2834
Anwil,2841
Böckten,2842
Buckten,2843
Buus,2844
Diepflingen,2845
Gelterkinden,2846
Häfelfingen,2847
Hemmiken,2848
Itingen,2849
Känerkinden,2850
Kilchberg (BL),2851
Läufelfingen,2852
Maisprach,2853
Nusshof,2854
Oltingen,2855
Ormalingen,2856
Rickenbach (BL),2857
Rothenfluh,2858
Rümlingen,2859
Rünenberg,2860
Sissach,2861
Tecknau,2862
Tenniken,2863
Thürnen,2864
Wenslingen,2865
Wintersingen,2866
Wittinsburg,2867
Zeglingen,2868
Zunzgen,2869
Arboldswil,2881
Bennwil,2882
Bretzwil,2883
Diegten,2884
Eptingen,2885
Hölstein,2886
Lampenberg,2887
Langenbruck,2888
Lauwil,2889
Liedertswil,2890
Niederdorf,2891
Oberdorf (BL),2892
Reigoldswil,2893
Titterten,2894
Waldenburg,2895
Gächlingen,2901
Löhningen,2903
Neunkirch,2904
Büttenhardt,2914
Dörflingen,2915
Lohn (SH),2917
Stetten (SH),2919
Thayngen,2920
Bargen (SH),2931
Beringen,2932
Buchberg,2933
Merishausen,2936
Neuhausen am Rheinfall,2937
Rüdlingen,2938
Schaffhausen,2939
Beggingen,2951
Schleitheim,2952
Siblingen,2953
Buch (SH),2961
Hemishofen,2962
Ramsen,2963
Stein am Rhein,2964
Hallau,2971
Oberhallau,2972
Trasadingen,2973
Wilchingen,2974
Herisau,3001
Hundwil,3002
Schönengrund,3003
Schwellbrunn,3004
Stein (AR),3005
Urnäsch,3006
Waldstatt,3007
Bühler,3021
Gais,3022
Speicher,3023
Teufen (AR),3024
Trogen,3025
Grub (AR),3031
Heiden,3032
Lutzenberg,3033
Rehetobel,3034
Reute (AR),3035
Wald (AR),3036
Walzenhausen,3037
Wolfhalden,3038
Appenzell,3101
Gonten,3102
Rüte,3103
Schlatt-Haslen,3104
Schwende,3105
Oberegg,3111
Häggenschwil,3201
Muolen,3202
St. Gallen,3203
Wittenbach,3204
Berg (SG),3211
Eggersriet,3212
Goldach,3213
Mörschwil,3214
Rorschach,3215
Rorschacherberg,3216
Steinach,3217
Tübach,3218
Untereggen,3219
Au (SG),3231
Balgach,3232
Berneck,3233
Diepoldsau,3234
Rheineck,3235
St. Margrethen,3236
Thal,3237
Widnau,3238
Altstätten,3251
Eichberg,3252
Marbach (SG),3253
Oberriet (SG),3254
Rebstein,3255
Rüthi (SG),3256
Buchs (SG),3271
Gams,3272
Grabs,3273
Sennwald,3274
Sevelen,3275
Wartau,3276
Bad Ragaz,3291
Flums,3292
Mutten,3292
Mels,3293
Pfäfers,3294
Quarten,3295
Sargans,3296
Vilters-Wangs,3297
Walenstadt,3298
Amden,3311
Benken (SG),3312
Kaltbrunn,3313
Schänis,3315
Weesen,3316
Schmerikon,3338
Uznach,3339
Rapperswil-Jona,3340
Gommiswald,3341
Eschenbach (SG),3342
Ebnat-Kappel,3352
Wildhaus-Alt St. Johann,3359
Nesslau,3360
Hemberg,3372
Lichtensteig,3374
Oberhelfenschwil,3375
Neckertal,3378
Wattwil,3379
Kirchberg (SG),3392
Lütisburg,3393
Mosnang,3394
Bütschwil-Ganterschwil,3395
Degersheim,3401
Flawil,3402
Jonschwil,3405
Oberuzwil,3407
Uzwil,3408
Niederbüren,3422
Niederhelfenschwil,3423
Oberbüren,3424
Zuzwil (SG),3426
Wil (SG),3427
Andwil (SG),3441
Gaiserwald,3442
Gossau (SG),3443
Waldkirch,3444
Vaz/Obervaz,3506
Lantsch/Lenz,3513
Schmitten (GR),3514
Albula/Alvra,3542
Surses,3543
Bergün Filisur,3544
Brusio,3551
Poschiavo,3561
Falera,3572
Laax,3575
Sagogn,3581
Schluein,3582
Vals,3603
Lumnezia,3618
Ilanz/Glion,3619
Fürstenau,3633
Fürstenaubruck,3633
Rothenbrunnen,3637
Scharans,3638
Sils im Domleschg,3640
Cazis,3661
Flerden,3662
Masein,3663
Thusis,3668
Präz.3668
Tschappina,3669
Urmein,3670
Safiental,3672
Domleschg,3673
Pratval,3673
Paspels,3673
Avers,3681
Sufers,3695
Andeer,3701
Rongellen,3711
Zillis-Reischen,3712
Ferrera,3713
Rheinwald,3714
Muntogna da Schons,3715
Bonaduz,3721
Domat/Ems,3722
Rhäzüns,3723
Felsberg,3731
Flims,3732
Tamins,3733
Trin,3734
Zernez,3746
Samnaun,3752
Scuol,3762
Guarda,3762
Valsot,3764
Bever,3781
Celerina/Schlarigna,3782
Madulain,3783
Pontresina,3784
La Punt Chamues-ch,3785
Samedan,3786
St. Moritz,3787
S-chanf,3788
Sils im Engadin/Segl,3789
Silvaplana,3790
Zuoz,3791
Bregaglia,3792
Buseno,3804
Castaneda,3805
Rossa,3808
Santa Maria in Calanca,3810
Lostallo,3821
Mesocco,3822
Soazza,3823
Cama,3831
Grono,3832
Roveredo (GR),3834
San Vittore,3835
Calanca,3837
Val Müstair,3847
Davos,3851
Fideris,3861
Furna,3862
Jenaz,3863
Klosters,3871
Conters im Prättigau,3881
Küblis,3882
Luzein,3891
Chur,3901
Churwalden,3911
Arosa,3921
Tschiertschen-Praden,3932
Trimmis,3945
Untervaz,3946
Zizers,3947
Fläsch,3951
Jenins,3952
Maienfeld,3953
Malans,3954
Landquart,3955
Grüsch,3961
Schiers,3962
Seewis im Prättigau,3972
Breil/Brigels,3981
Disentis/Mustér,3982
Medel (Lucmagn),3983
Sumvitg,3985
Tujetsch,3986
Trun,3987
Obersaxen Mundaun,3988
Aarau,4001
Biberstein,4002
Buchs (AG),4003
Densbüren,4004
Erlinsbach (AG),4005
Gränichen,4006
Hirschthal,4007
Küttigen,4008
Muhen,4009
Oberentfelden,4010
Suhr,4012
Unterentfelden,4013
Baden,4021
Bellikon,4022
Bergdietikon,4023
Birmenstorf (AG),4024
Ennetbaden,4026
Fislisbach,4027
Freienwil,4028
Gebenstorf,4029
Killwangen,4030
Künten,4031
Mägenwil,4032
Mellingen,4033
Neuenhof,4034
Niederrohrdorf,4035
Oberrohrdorf,4037
Obersiggenthal,4038
Remetschwil,4039
Spreitenbach,4040
Stetten (AG),4041
Turgi,4042
Untersiggenthal,4044
Wettingen,4045
Wohlenschwil,4046
Würenlingen,4047
Würenlos,4048
Ehrendingen,4049
Arni (AG),4061
Berikon,4062
Bremgarten (AG),4063
Büttikon,4064
Dottikon,4065
Eggenwil,4066
Fischbach-Göslikon,4067
Hägglingen,4068
Jonen,4071
Niederwil (AG),4072
Oberlunkhofen,4073
Oberwil-Lieli,4074
Rudolfstetten-Friedlisberg,4075
Sarmenstorf,4076
Tägerig,4077
Uezwil,4078
Unterlunkhofen,4079
Villmergen,4080
Widen,4081
Wohlen (AG),4082
Zufikon,4083
Islisberg,4084
Auenstein,4091
Birr,4092
Birrhard,4093
Brugg,4095
Habsburg,4099
Hausen (AG),4100
Lupfig,4104
Mandach,4105
Mönthal,4106
Mülligen,4107
Remigen,4110
Riniken,4111
Rüfenach,4112
Thalheim (AG),4117
Veltheim (AG),4120
Villigen,4121
Villnachern,4122
Windisch,4123
Bözberg,4124
Schinznach,4125
Beinwil am See,4131
Birrwil,4132
Burg (AG),4133
Dürrenäsch,4134
Gontenschwil,4135
Holziken,4136
Leimbach (AG),4137
Leutwil,4138
Menziken,4139
Oberkulm,4140
Reinach (AG),4141
Schlossrued,4142
Schmiedrued,4143
Schöftland,4144
Teufenthal (AG),4145
Unterkulm,4146
Zetzwil,4147
Eiken,4161
Frick,4163
Gansingen,4164
Gipf-Oberfrick,4165
Herznach,4166
Kaisten,4169
Laufenburg,4170
Münchwilen (AG),4172
Oberhof,4173
Oeschgen,4175
Schwaderloch,4176
Sisseln,4177
Ueken,4179
Wittnau,4181
Wölflinswil,4182
Zeihen,4183
Mettauertal,4184
Böztal,4185
Ammerswil,4191
Boniswil,4192
Brunegg,4193
Dintikon,4194
Egliswil,4195
Fahrwangen,4196
Hallwil,4197
Hendschiken,4198
Holderbank (AG),4199
Hunzenschwil,4200
Lenzburg,4201
Meisterschwanden,4202
Möriken-Wildegg,4203
Niederlenz,4204
Othmarsingen,4205
Rupperswil,4206
Schafisheim,4207
Seengen,4208
Seon,4209
Staufen,4210
Abtwil,4221
Aristau,4222
Auw,4223
Beinwil (Freiamt),4224
Besenbüren,4226
Bettwil,4227
Boswil,4228
Bünzen,4229
Buttwil,4230
Dietwil,4231
Geltwil,4232
Kallern,4233
Merenschwand,4234
Mühlau,4235
Muri (AG),4236
Oberrüti,4237
Rottenschwil,4238
Sins,4239
Waltenschwil,4240
Hellikon,4251
Kaiseraugst,4252
Magden,4253
Möhlin,4254
Mumpf,4255
Obermumpf,4256
Olsberg,4257
Rheinfelden,4258
Schupfart,4259
Stein (AG),4260
Wallbach,4261
Wegenstetten,4262
Zeiningen,4263
Zuzgen,4264
Aarburg,4271
Bottenwil,4273
Brittnau,4274
Kirchleerau,4275
Kölliken,4276
Moosleerau,4277
Murgenthal,4279
Oftringen,4280
Reitnau,4281
Rothrist,4282
Safenwil,4283
Staffelbach,4284
Strengelbach,4285
Uerkheim,4286
Vordemwald,4287
Wiliberg,4288
Zofingen,4289
Böttstein,4303
Döttingen,4304
Endingen,4305
Fisibach,4306
Full-Reuenthal,4307
Klingnau,4309
Koblenz,4310
Leibstadt,4311
Lengnau (AG),4312
Leuggern,4313
Mellikon,4314
Schneisingen,4318
Siglistorf,4319
Tegerfelden,4320
Zurzach,4324
Arbon,4401
Dozwil,4406
Egnach,4411
Hefenhofen,4416
Horn,4421
Kesswil,4426
Roggwil (TG),4431
Romanshorn,4436
Salmsach,4441
Sommeri,4446
Uttwil,4451
Amriswil,4461
Bischofszell,4471
Erlen,4476
Hauptwil-Gottshaus,4486
Hohentannen,4495
Kradolf-Schönenberg,4501
Sulgen,4506
Zihlschlacht-Sitterdorf,4511
Basadingen-Schlattingen,4536
Diessenhofen,4545
Schlatt (TG),4546
Aadorf,4551
Felben-Wellhausen,4561
Frauenfeld,4566
Gachnang,4571
Hüttlingen,4590
Matzingen,4591
Neunforn,4601
Stettfurt,4606
Thundorf,4611
Uesslingen-Buch,4616
Warth-Weiningen,4621
Altnau,4641
Bottighofen,4643
Ermatingen,4646
Gottlieben,4651
Güttingen,4656
Kemmental,4666
Kreuzlingen,4671
Langrickenbach,4681
Lengwil,4683
Münsterlingen,4691
Tägerwilen,4696
Wäldi,4701
Affeltrangen,4711
Bettwiesen,4716
Bichelsee-Balterswil,4721
Braunau,4723
Eschlikon,4724
Fischingen,4726
Lommis,4741
Münchwilen (TG),4746
Rickenbach (TG),4751
Schönholzerswilen,4756
Sirnach,4761
Tobel-Tägerschen,4776
Wängi,4781
Wilen (TG),4786
Wuppenau,4791
Berlingen,4801
Eschenz,4806
Herdern,4811
Homburg,4816
Hüttwilen,4821
Mammern,4826
Müllheim,4831
Pfyn,4841
Raperswilen,4846
Salenstein,4851
Steckborn,4864
Wagenhausen,4871
Amlikon-Bissegg,4881
Berg (TG),4891
Birwinken,4901
Bürglen (TG),4911
Bussnang,4921
Märstetten,4941
Weinfelden,4946
Wigoltingen,4951
Arbedo-Castione,5001
Bellinzona,5002
Cadenazzo,5003
Isone,5009
Lumino,5010
Sant'Antonino,5017
Acquarossa,5048
Blenio,5049
Serravalle,5050
Airolo,5061
Bedretto,5063
Bodio,5064
Dalpe,5071
Faido,5072
Giornico,5073
Personico,5076
Pollegio,5077
Prato (Leventina),5078
Quinto,5079
Ascona,5091
Brione sopra Minusio,5096
Brissago,5097
Gordola,5108
Lavertezzo,5112
Locarno,5113
Losone,5115
Mergoscia,5117
Minusio,5118
Muralto,5120
Orselina,5121
Ronco sopra Ascona,5125
Tenero-Contra,5131
Onsernone,5136
Cugnasco-Gerra,5138
Agno,5141
Aranno,5143
Arogno,5144
Astano,5146
Bedano,5148
Bedigliora,5149
Bioggio,5151
Bissone,5154
Brusino Arsizio,5160
Cademario,5161
Cadempino,5162
Canobbio,5167
Caslano,5171
Comano,5176
Cureglia,5180
Curio,5181
Grancia,5186
Gravesano,5187
Lamone,5189
Lugano,5192
Magliaso,5193
Manno,5194
Maroggia,5195
Massagno,5196
Melano,5197
Melide,5198
Mezzovico-Vira,5199
Miglieglia,5200
Morcote,5203
Muzzano,5205
Neggio,5206
Novaggio,5207
Origlio,5208
Paradiso,5210
Ponte Capriasca,5212
Porza,5214
Pura,5216
Rovio,5219
Savosa,5221
Sorengo,5225
Capriasca,5226
Torricella-Taverne,5227
Vernate,5230
Vezia,5231
Vico Morcote,5233
Collina d'Oro,5236
Alto Malcantone,5237
Monteceneri,5238
Tresa,5239
Balerna,5242
Castel San Pietro,5249
Chiasso,5250
Coldrerio,5251
Mendrisio,5254
Morbio Inferiore,5257
Novazzano,5260
Riva San Vitale,5263
Stabio,5266
Vacallo,5268
Breggia,5269
Biasca,5281
Riviera,5287
Bosco/Gurin,5304
Campo (Vallemaggia),5307
Cerentino,5309
Cevio,5310
Linescio,5315
Maggia,5317
Lavizzara,5323
Avegno Gordevio,5324
Comunanza Cadenazzo/Monteceneri,5391
Comunanza Capriasca/Lugano,5394
Terre di Pedemonte,5396
Centovalli,5397
Gambarogno,5398
Verzasca,5399
Aigle,5401
Les Mosses,5401
Bex,5402
Chessel,5403
Corbeyrier,5404
Gryon,5405
Lavey-Morcles,5406
Leysin,5407
Noville,5408
Ollon,5409
Ormont-Dessous,5410
Ormont-Dessus,5411
Rennaz,5412
Roche (VD),5413
Villeneuve (VD),5414
Yvorne,5415
Aubonne,5422
Ballens,5423
Berolle,5424
Bière,5425
Bougy-Villars,5426
Féchy,5427
Gimel,5428
Longirod,5429
Marchissy,5430
Mollens (VD),5431
Saint-George,5434
Saint-Livres,5435
Saint-Oyens,5436
Saubraz,5437
Avenches,5451
Cudrefin,5456
Faoug,5458
Vully-les-Lacs,5464
Bettens,5471
Bournens,5472
Boussens,5473
La Chaux (Cossonay),5474
Chavannes-le-Veyron,5475
Chevilly,5476
Cossonay,5477
Cuarnens,5479
Daillens,5480
Dizy,5481
Eclépens,5482
Ferreyres,5483
Gollion,5484
Grancy,5485
L'Isle,5486
Lussery-Villars,5487
Mauraz,5488
Mex (VD),5489
Moiry,5490
Mont-la-Ville,5491
Montricher,5492
Orny,5493
Penthalaz,5495
Penthaz,5496
Pompaples,5497
La Sarraz,5498
Senarclens,5499
Sullens,5501
Vufflens-la-Ville,5503
Assens,5511
Bercher,5512
Bottens,5514
Bretigny-sur-Morrens,5515
Cugy (VD),5516
Echallens,5518
Essertines-sur-Yverdon,5520
Etagnières,5521
Fey,5522
Froideville,5523
Morrens (VD),5527
Oulens-sous-Echallens,5529
Pailly,5530
Penthéréaz,5531
Poliez-Pittet,5533
Rueyres,5534
Saint-Barthélemy (VD),5535
Villars-le-Terroir,5537
Vuarrens,5539
Montilliez,5540
Goumoëns,5541
Bonvillars,5551
Bullet,5552
Champagne,5553
Concise,5554
Corcelles-près-Concise,5555
Fiez,5556
Fontaines-sur-Grandson,5557
Giez,5559
Grandevent,5560
Grandson,5561
Mauborget,5562
Mutrux,5563
Novalles,5564
Onnens (VD),5565
Provence,5566
Sainte-Croix,5568
Tévenon,5571
Belmont-sur-Lausanne,5581
Cheseaux-sur-Lausanne,5582
Crissier,5583
Epalinges,5584
Jouxtens-Mézery,5585
Lausanne,5586
Le Mont-sur-Lausanne,5587
Paudex,5588
Prilly,5589
Pully,5590
Renens (VD),5591
Romanel-sur-Lausanne,5592
Chexbres,5601
Forel (Lavaux),5604
Lutry,5606
Puidoux,5607
Rivaz,5609
Saint-Saphorin (Lavaux),5610
Savigny,5611
Bourg-en-Lavaux,5613
Aclens,5621
Bremblens,5622
Buchillon,5623
Bussigny,5624
Chavannes-près-Renens,5627
Chigny,5628
Clarmont,5629
Denens,5631
Denges,5632
Echandens,5633
Echichens,5634
Ecublens (VD),5635
Etoy,5636
Lavigny,5637
Lonay,5638
Lully (VD),5639
Lussy-sur-Morges,5640
Morges,5642
Préverenges,5643
Romanel-sur-Morges,5645
Saint-Prex,5646
Saint-Sulpice (VD),5648
Tolochenaz,5649
Vaux-sur-Morges,5650
Villars-Sainte-Croix,5651
Villars-sous-Yens,5652
Vufflens-le-Château,5653
Vullierens,5654
Yens,5655
Hautemorges,5656
Boulens,5661
Bussy-sur-Moudon,5663
Chavannes-sur-Moudon,5665
Curtilles,5669
Dompierre (VD),5671
Hermenches,5673
Lovatens,5674
Lucens,5675
Moudon,5678
Ogens,5680
Prévonloup,5683
Rossenges,5684
Syens,5688
Villars-le-Comte,5690
Vucherens,5692
Montanaire,5693
Arnex-sur-Nyon,5701
Arzier-Le Muids,5702
Bassins,5703
Begnins,5704
Bogis-Bossey,5705
Borex,5706
Chavannes-de-Bogis,5707
Chavannes-des-Bois,5708
Chéserex,5709
Coinsins,5710
Commugny,5711
Coppet,5712
Crans (VD),5713
Crassier,5714
Duillier,5715
Eysins,5716
Founex,5717
Genolier,5718
Gingins,5719
Givrins,5720
Gland,5721
Grens,5722
Mies,5723
Nyon,5724
Prangins,5725
La Rippe,5726
Saint-Cergue,5727
Signy-Avenex,5728
Tannay,5729
Trélex,5730
Le Vaud,5731
Vich,5732
L'Abergement,5741
Agiez,5742
Arnex-sur-Orbe,5743
Ballaigues,5744
Baulmes,5745
Bavois,5746
Bofflens,5747
Bretonnières,5748
Chavornay,5749
Les Clées,5750
Croy,5752
Juriens,5754
Lignerolle,5755
Montcherand,5756
Orbe,5757
La Praz,5758
Premier,5759
Rances,5760
Romainmôtier-Envy,5761
Sergey,5762
Valeyres-sous-Rances,5763
Vallorbe,5764
Vaulion,5765
Vuiteboeuf,5766
Corcelles-le-Jorat,5785
Maracon,5790
Montpreveyres,5792
Ropraz,5798
Servion,5799
Vulliens,5803
Jorat-Menthue,5804
Oron,5805
Jorat-Mézières,5806
Champtauroz,5812
Chevroux,5813
Corcelles-près-Payerne,5816
Grandcour,5817
Henniez,5819
Missy,5821
Payerne,5822
Trey,5827
Treytorrens (Payerne),5828
Villarzel,5830
Valbroye,5831
Château-d'Oex,5841
Rossinière,5842
Rougemont,5843
Allaman,5851
Bursinel,5852
Bursins,5853
Burtigny,5854
Dully,5855
Essertines-sur-Rolle,5856
Gilly,5857
Luins,5858
Mont-sur-Rolle,5859
Perroy,5860
Rolle,5861
Tartegnin,5862
Vinzel,5863
L'Abbaye,5871
Le Chenit,5872
Le Lieu,5873
Chardonne,5882
Corseaux,5883
Corsier-sur-Vevey,5884
Jongny,5885
Montreux,5886
La Tour-de-Peilz,5889
Vevey,5890
Veytaux,5891
Blonay - Saint-Légier,5892
Belmont-sur-Yverdon,5902
Bioley-Magnoux,5903
Chamblon,5904
Champvent,5905
Chavannes-le-Chêne,5907
Chêne-Pâquier,5908
Cheseaux-Noréaz,5909
Cronay,5910
Cuarny,5911
Démoret,5912
Donneloye,5913
Ependes (VD),5914
Mathod,5919
Molondin,5921
Montagny-près-Yverdon,5922
Oppens,5923
Orges,5924
Orzens,5925
Pomy,5926
Rovray,5928
Suchy,5929
Suscévaz,5930
Treycovagnes,5931
Ursins,5932
Valeyres-sous-Montagny,5933
Valeyres-sous-Ursins,5934
Villars-Epeney,5935
Vugelles-La Mothe,5937
Yverdon-les-Bains,5938
Yvonand,5939
Brig-Glis,6002
Eggerberg,6004
Naters,6007
Ried-Brig,6008
Simplon,6009
Termen,6010
Zwischbergen,6011
Ardon,6021
Chamoson,6022
Conthey,6023
Nendaz,6024
Vétroz,6025
Bourg-Saint-Pierre,6032
Liddes,6033
Orsières,6034
Sembrancher,6035
Val de Bagnes,6037
Bellwald,6052
Binn,6054
Ernen,6056
Fiesch,6057
Fieschertal,6058
Lax,6061
Obergoms,6076
Goms,6077
Ayent,6082
Evolène,6083
Hérémence,6084
Saint-Martin (VS),6087
Vex,6089
Mont-Noble,6090
Agarn,6101
Albinen,6102
Ergisch,6104
Inden,6109
Leuk,6110
Leukerbad,6111
Oberems,6112
Salgesch,6113
Varen,6116
Guttet-Feschel,6117
Gampel-Bratsch,6118
Turtmann-Unterems,6119
Bovernier,6131
Fully,6133
Isérables,6134
Leytron,6135
Martigny,6136
Martigny-Combe,6137
Riddes,6139
Saillon,6140
Saxon,6141
Trient,6142
Champéry,6151
Collombey-Muraz,6152
Monthey,6153
Port-Valais,6154
Saint-Gingolph,6155
Troistorrents,6156
Val-d'Illiez,6157
Vionnaz,6158
Vouvry,6159
Bister,6172
Bitsch,6173
Grengiols,6177
Riederalp,6181
Ausserberg,6191
Blatten,6192
Bürchen,6193
Eischoll,6194
Ferden,6195
Kippel,6197
Niedergesteln,6198
Raron,6199
Unterbäch,6201
Wiler (Lötschen),6202
Mörel-Filet,6203
Steg-Hohtenn,6204
Bettmeralp,6205
Collonges,6211
Dorénaz,6212
Evionnaz,6213
Finhaut,6214
Massongex,6215
Saint-Maurice,6217
Salvan,6218
Vernayaz,6219
Vérossaz,6220
Chalais,6232
Chippis,6235
Grône,6238
Icogne,6239
Lens,6240
Saint-Léonard,6246
Sierre,6248
Anniviers,6252
Crans-Montana,6253
Noble-Contrée,6254
Arbaz,6261
Grimisuat,6263
Savièse,6265
Sion,6266
Veysonnaz,6267
Baltschieder,6281
Eisten,6282
Embd,6283
Grächen,6285
Lalden,6286
Randa,6287
Saas-Almagell,6288
Saas-Balen,6289
Saas-Fee,6290
Saas-Grund,6291
St. Niklaus,6292
Stalden (VS),6293
Staldenried,6294
Täsch,6295
Törbel,6296
Visp,6297
Visperterminen,6298
Zeneggen,6299
Zermatt,6300
Boudry,6404
Cortaillod,6408
Rochefort,6413
Milvignes,6416
La Grande Béroche,6417
La Chaux-de-Fonds,6421
Les Planchettes,6422
La Sagne,6423
La Brévine,6432
Brot-Plamboz,6433
Le Cerneux-Péquignot,6434
La Chaux-du-Milieu,6435
Le Locle,6436
Les Ponts-de-Martel,6437
Cornaux,6451
Cressier (NE),6452
Enges,6453
Hauterive (NE),6454
Le Landeron,6455
Lignières,6456
Neuchâtel,6458
Saint-Blaise,6459
La Tène,6461
Val-de-Ruz,6487
La Côte-aux-Fées,6504
Les Verrières,6511
Val-de-Travers,6512
Aire-la-Ville,6601
Anières,6602
Avully,6603
Avusy,6604
Bardonnex,6605
Bellevue,6606
Bernex,6607
Carouge (GE),6608
Cartigny,6609
Céligny,6610
Chancy,6611
Chêne-Bougeries,6612
Chêne-Bourg,6613
Choulex,6614
Collex-Bossy,6615
Collonge-Bellerive,6616
Cologny,6617
Confignon,6618
Corsier (GE),6619
Dardagny,6620
Genève,6621
Genthod,6622
Le Grand-Saconnex,6623
Gy,6624
Hermance,6625
Jussy,6626
Laconnex,6627
Lancy,6628
Meinier,6629
Meyrin,6630
Onex,6631
Perly-Certoux,6632
Plan-les-Ouates,6633
Pregny-Chambésy,6634
Presinge,6635
Puplinge,6636
Russin,6637
Satigny,6638
Soral,6639
Thônex,6640
Troinex,6641
Vandoeuvres,6642
Vernier,6643
Versoix,6644
Veyrier,6645
Boécourt,6702
Bourrignon,6703
Châtillon (JU),6704
Courchapoix,6706
Courrendlin,6708
Courroux,6709
Courtételle,6710
Delémont,6711
Develier,6712
Ederswiler,6713
Mervelier,6715
Mettembert,6716
Movelier,6718
Pleigne,6719
Rossemaison,6721
Saulcy,6722
Soyhières,6724
Haute-Sorne,6729
Val Terbi,6730
Le Bémont (JU),6741
Les Bois,6742
Les Breuleux,6743
La Chaux-des-Breuleux,6744
Les Enfers,6745
Les Genevez (JU),6748
Lajoux (JU),6750
Montfaucon,6751
Muriaux,6753
Le Noirmont,6754
Saignelégier,6757
Saint-Brais,6758
Soubey,6759
Alle,6771
Beurnevésin,6773
Boncourt,6774
Bonfol,6775
Bure,6778
Coeuve,6781
Cornol,6782
Courchavon,6783
Courgenay,6784
Courtedoux,6785
Damphreux,6787
Fahy,6789
Fontenais,6790
Grandfontaine,6792
Lugnez,6793
Porrentruy,6800
Vendlincourt,6806
Basse-Allaine,6807
Clos du Doubs,6808
Haute-Ajoie,6809
La Baroche,6810
